{
  "type": "FeatureCollection",
  "features": [
    {
      "type": "Feature",
      "geometry": {
        "type": "Polygon",
        "coordinates": [
          [
            [
              -117.81833215839937,
              34.06161058566724
            ],
            [
              -117.81835346975843,
              34.06160731168468
            ],
            [
              -117.8183456021379,
              34.06157183817702
            ],
            [
              -117.81832429078734,
              34.0615751121581
            ],
            [
              -117.81833215839937,
              34.06161058566724
            ]
          ]
        ]
      },
      "properties": {
        "id": "far_pa_0_space_0",
        "parkingAreaId": "far_pa_0",
        "status": "available",
        "sumoX": 1491.68,
        "sumoY": 1238.53,
        "width": 2.0,
        "length": 4.0,
        "angle": 190.0
      }
    },
    {
      "type": "Feature",
      "geometry": {
        "type": "Polygon",
        "coordinates": [
          [
            [
              -117.81830812213508,
              34.06161263958341
            ],
            [
              -117.81832943349569,
              34.061609365605
            ],
            [
              -117.8183215658849,
              34.061573892095666
            ],
            [
              -117.81830025453284,
              34.061577166072595
            ],
            [
              -117.81830812213508,
              34.06161263958341
            ]
          ]
        ]
      },
      "properties": {
        "id": "far_pa_0_space_1",
        "parkingAreaId": "far_pa_0",
        "status": "available",
        "sumoX": 1493.9,
        "sumoY": 1238.74,
        "width": 2.0,
        "length": 4.0,
        "angle": 190.0
      }
    },
    {
      "type": "Feature",
      "geometry": {
        "type": "Polygon",
        "coordinates": [
          [
            [
              -117.818284843477,
              34.06161459826607
            ],
            [
              -117.81830615483906,
              34.06161132429169
            ],
            [
              -117.81829828723777,
              34.061575850780734
            ],
            [
              -117.81827697588423,
              34.06157912475365
            ],
            [
              -117.818284843477,
              34.06161459826607
            ]
          ]
        ]
      },
      "properties": {
        "id": "far_pa_0_space_2",
        "parkingAreaId": "far_pa_0",
        "status": "available",
        "sumoX": 1496.05,
        "sumoY": 1238.94,
        "width": 2.0,
        "length": 4.0,
        "angle": 190.0
      }
    },
    {
      "type": "Feature",
      "geometry": {
        "type": "Polygon",
        "coordinates": [
          [
            [
              -117.81826135504483,
              34.06161727981967
            ],
            [
              -117.81828266640856,
              34.06161400584933
            ],
            [
              -117.81827479881673,
              34.06157853233675
            ],
            [
              -117.81825348746155,
              34.06158180630562
            ],
            [
              -117.81826135504483,
              34.06161727981967
            ]
          ]
        ]
      },
      "properties": {
        "id": "far_pa_0_space_3",
        "parkingAreaId": "far_pa_0",
        "status": "available",
        "sumoX": 1498.22,
        "sumoY": 1239.22,
        "width": 2.0,
        "length": 4.0,
        "angle": 190.0
      }
    },
    {
      "type": "Feature",
      "geometry": {
        "type": "Polygon",
        "coordinates": [
          [
            [
              -117.81823625344323,
              34.061621234696034
            ],
            [
              -117.81825756480899,
              34.06161796073003
            ],
            [
              -117.8182496972272,
              34.06158248721571
            ],
            [
              -117.81822838586997,
              34.06158576118025
            ],
            [
              -117.81823625344323,
              34.061621234696034
            ]
          ]
        ]
      },
      "properties": {
        "id": "far_pa_0_space_4",
        "parkingAreaId": "far_pa_0",
        "status": "available",
        "sumoX": 1500.54,
        "sumoY": 1239.64,
        "width": 2.0,
        "length": 4.0,
        "angle": 190.0
      }
    },
    {
      "type": "Feature",
      "geometry": {
        "type": "Polygon",
        "coordinates": [
          [
            [
              -117.81820993741678,
              34.06162285284599
            ],
            [
              -117.81823124878406,
              34.061619578884525
            ],
            [
              -117.81822338121303,
              34.06158410536839
            ],
            [
              -117.81820206985428,
              34.06158737932837
            ],
            [
              -117.81820993741678,
              34.06162285284599
            ]
          ]
        ]
      },
      "properties": {
        "id": "far_pa_0_space_5",
        "parkingAreaId": "far_pa_0",
        "status": "available",
        "sumoX": 1502.97,
        "sumoY": 1239.8,
        "width": 2.0,
        "length": 4.0,
        "angle": 190.0
      }
    },
    {
      "type": "Feature",
      "geometry": {
        "type": "Polygon",
        "coordinates": [
          [
            [
              -117.81818492943097,
              34.06162527394637
            ],
            [
              -117.8182062407999,
              34.06162199998923
            ],
            [
              -117.81819837323903,
              34.06158652647134
            ],
            [
              -117.8181770618786,
              34.061589800427015
            ],
            [
              -117.81818492943097,
              34.06162527394637
            ]
          ]
        ]
      },
      "properties": {
        "id": "far_pa_0_space_6",
        "parkingAreaId": "far_pa_0",
        "status": "available",
        "sumoX": 1505.28,
        "sumoY": 1240.05,
        "width": 2.0,
        "length": 4.0,
        "angle": 190.0
      }
    },
    {
      "type": "Feature",
      "geometry": {
        "type": "Polygon",
        "coordinates": [
          [
            [
              -117.81816100671173,
              34.061627868187
            ],
            [
              -117.81818231808235,
              34.06162459423399
            ],
            [
              -117.81817445053112,
              34.06158912071444
            ],
            [
              -117.81815313916906,
              34.06159239466598
            ],
            [
              -117.81816100671173,
              34.061627868187
            ]
          ]
        ]
      },
      "properties": {
        "id": "far_pa_0_space_7",
        "parkingAreaId": "far_pa_0",
        "status": "available",
        "sumoX": 1507.49,
        "sumoY": 1240.32,
        "width": 2.0,
        "length": 4.0,
        "angle": 190.0
      }
    },
    {
      "type": "Feature",
      "geometry": {
        "type": "Polygon",
        "coordinates": [
          [
            [
              -117.81813555230964,
              34.061628939476385
            ],
            [
              -117.81815686368157,
              34.06162566552776
            ],
            [
              -117.81814899614082,
              34.061590192006435
            ],
            [
              -117.81812768477741,
              34.0615934659536
            ],
            [
              -117.81813555230964,
              34.061628939476385
            ]
          ]
        ]
      },
      "properties": {
        "id": "far_pa_0_space_8",
        "parkingAreaId": "far_pa_0",
        "status": "available",
        "sumoX": 1509.84,
        "sumoY": 1240.42,
        "width": 2.0,
        "length": 4.0,
        "angle": 190.0
      }
    },
    {
      "type": "Feature",
      "geometry": {
        "type": "Polygon",
        "coordinates": [
          [
            [
              -117.818112278842,
              34.061631439200944
            ],
            [
              -117.81813359021552,
              34.06162816525633
            ],
            [
              -117.8181257226842,
              34.0615926917334
            ],
            [
              -117.81810441131918,
              34.06159596567653
            ],
            [
              -117.818112278842,
              34.061631439200944
            ]
          ]
        ]
      },
      "properties": {
        "id": "far_pa_0_space_9",
        "parkingAreaId": "far_pa_0",
        "status": "available",
        "sumoX": 1511.99,
        "sumoY": 1240.68,
        "width": 2.0,
        "length": 4.0,
        "angle": 190.0
      }
    },
    {
      "type": "Feature",
      "geometry": {
        "type": "Polygon",
        "coordinates": [
          [
            [
              -117.81808629566906,
              34.061633866772475
            ],
            [
              -117.8181076070443,
              34.06163059283233
            ],
            [
              -117.8180997395235,
              34.0615951193076
            ],
            [
              -117.8180784281568,
              34.06159839324625
            ],
            [
              -117.81808629566906,
              34.061633866772475
            ]
          ]
        ]
      },
      "properties": {
        "id": "far_pa_0_space_10",
        "parkingAreaId": "far_pa_0",
        "status": "available",
        "sumoX": 1514.39,
        "sumoY": 1240.93,
        "width": 2.0,
        "length": 4.0,
        "angle": 190.0
      }
    },
    {
      "type": "Feature",
      "geometry": {
        "type": "Polygon",
        "coordinates": [
          [
            [
              -117.81806087245937,
              34.06163818449314
            ],
            [
              -117.81808218383675,
              34.06163491055739
            ],
            [
              -117.81807431632608,
              34.0615994370309
            ],
            [
              -117.81805300495722,
              34.06160271096518
            ],
            [
              -117.81806087245937,
              34.06163818449314
            ]
          ]
        ]
      },
      "properties": {
        "id": "far_pa_0_space_11",
        "parkingAreaId": "far_pa_0",
        "status": "available",
        "sumoX": 1516.74,
        "sumoY": 1241.39,
        "width": 2.0,
        "length": 4.0,
        "angle": 190.0
      }
    },
    {
      "type": "Feature",
      "geometry": {
        "type": "Polygon",
        "coordinates": [
          [
            [
              -117.81757136072169,
              34.06186222872487
            ],
            [
              -117.8175878501494,
              34.06185052509644
            ],
            [
              -117.81755972539918,
              34.06182307794239
            ],
            [
              -117.81754323597276,
              34.06183478156708
            ],
            [
              -117.81757136072169,
              34.06186222872487
            ]
          ]
        ]
      },
      "properties": {
        "id": "far_pa_0_space_12",
        "parkingAreaId": "far_pa_0",
        "status": "available",
        "sumoX": 1563.27,
        "sumoY": 1265.84,
        "width": 2.0,
        "length": 4.0,
        "angle": 220.0
      }
    },
    {
      "type": "Feature",
      "geometry": {
        "type": "Polygon",
        "coordinates": [
          [
            [
              -117.8176469712441,
              34.06181446888419
            ],
            [
              -117.8176634606521,
              34.0618027652458
            ],
            [
              -117.81763533589397,
              34.06177531810898
            ],
            [
              -117.81761884648726,
              34.06178702174361
            ],
            [
              -117.8176469712441,
              34.06181446888419
            ]
          ]
        ]
      },
      "properties": {
        "id": "far_pa_0_space_13",
        "parkingAreaId": "far_pa_0",
        "status": "available",
        "sumoX": 1556.25,
        "sumoY": 1260.6,
        "width": 2.0,
        "length": 4.0,
        "angle": 220.0
      }
    },
    {
      "type": "Feature",
      "geometry": {
        "type": "Polygon",
        "coordinates": [
          [
            [
              -117.81755261887643,
              34.06187398723862
            ],
            [
              -117.81756910830903,
              34.061862283612655
            ],
            [
              -117.8175409835608,
              34.061834836454345
            ],
            [
              -117.81752449412953,
              34.061846540076566
            ],
            [
              -117.81755261887643,
              34.06187398723862
            ]
          ]
        ]
      },
      "properties": {
        "id": "far_pa_0_space_14",
        "parkingAreaId": "far_pa_0",
        "status": "available",
        "sumoX": 1565.01,
        "sumoY": 1267.13,
        "width": 2.0,
        "length": 4.0,
        "angle": 220.0
      }
    },
    {
      "type": "Feature",
      "geometry": {
        "type": "Polygon",
        "coordinates": [
          [
            [
              -117.81753952078022,
              34.06188694142516
            ],
            [
              -117.81755331779915,
              34.06187303253077
            ],
            [
              -117.81751989360993,
              34.061850066977875
            ],
            [
              -117.81750609658909,
              34.061863975868576
            ],
            [
              -117.81753952078022,
              34.06188694142516
            ]
          ]
        ]
      },
      "properties": {
        "id": "far_pa_0_space_15",
        "parkingAreaId": "far_pa_0",
        "status": "available",
        "sumoX": 1566.6,
        "sumoY": 1268.68,
        "width": 2.0,
        "length": 4.0,
        "angle": 230.0
      }
    },
    {
      "type": "Feature",
      "geometry": {
        "type": "Polygon",
        "coordinates": [
          [
            [
              -117.81752417253352,
              34.06190228475505
            ],
            [
              -117.81753796955745,
              34.06188837586236
            ],
            [
              -117.81750454536618,
              34.061865410305366
            ],
            [
              -117.81749074834035,
              34.06187931919439
            ],
            [
              -117.81752417253352,
              34.06190228475505
            ]
          ]
        ]
      },
      "properties": {
        "id": "far_pa_0_space_16",
        "parkingAreaId": "far_pa_0",
        "status": "available",
        "sumoX": 1568.03,
        "sumoY": 1270.37,
        "width": 2.0,
        "length": 4.0,
        "angle": 230.0
      }
    },
    {
      "type": "Feature",
      "geometry": {
        "type": "Polygon",
        "coordinates": [
          [
            [
              -117.81803622597106,
              34.061642299910204
            ],
            [
              -117.81805653049392,
              34.06163599576037
            ],
            [
              -117.81804138115771,
              34.061602198179024
            ],
            [
              -117.81802107664168,
              34.06160850232629
            ],
            [
              -117.81803622597106,
              34.061642299910204
            ]
          ]
        ]
      },
      "properties": {
        "id": "far_pa_0_space_17",
        "parkingAreaId": "far_pa_0",
        "status": "available",
        "sumoX": 1519.4,
        "sumoY": 1241.75,
        "width": 2.0,
        "length": 4.0,
        "angle": 200.0
      }
    },
    {
      "type": "Feature",
      "geometry": {
        "type": "Polygon",
        "coordinates": [
          [
            [
              -117.8179891112136,
              34.061655870656594
            ],
            [
              -117.81800941574332,
              34.061649566514454
            ],
            [
              -117.81799426642317,
              34.06161576892715
            ],
            [
              -117.81797396190026,
              34.0616220730667
            ],
            [
              -117.8179891112136,
              34.061655870656594
            ]
          ]
        ]
      },
      "properties": {
        "id": "far_pa_0_space_18",
        "parkingAreaId": "far_pa_0",
        "status": "available",
        "sumoX": 1523.76,
        "sumoY": 1243.22,
        "width": 2.0,
        "length": 4.0,
        "angle": 200.0
      }
    },
    {
      "type": "Feature",
      "geometry": {
        "type": "Polygon",
        "coordinates": [
          [
            [
              -117.81801288140205,
              34.06164867803748
            ],
            [
              -117.81803318592824,
              34.06164237389147
            ],
            [
              -117.81801803660004,
              34.06160857630715
            ],
            [
              -117.81799773208071,
              34.0616148804506
            ],
            [
              -117.81801288140205,
              34.06164867803748
            ]
          ]
        ]
      },
      "properties": {
        "id": "far_pa_0_space_19",
        "parkingAreaId": "far_pa_0",
        "status": "available",
        "sumoX": 1521.56,
        "sumoY": 1242.44,
        "width": 2.0,
        "length": 4.0,
        "angle": 200.0
      }
    },
    {
      "type": "Feature",
      "geometry": {
        "type": "Polygon",
        "coordinates": [
          [
            [
              -117.81796619658553,
              34.06166188517425
            ],
            [
              -117.81798650111848,
              34.06165558103587
            ],
            [
              -117.81797135180624,
              34.061621783445645
            ],
            [
              -117.81795104728013,
              34.06162808758146
            ],
            [
              -117.81796619658553,
              34.06166188517425
            ]
          ]
        ]
      },
      "properties": {
        "id": "far_pa_0_space_20",
        "parkingAreaId": "far_pa_0",
        "status": "available",
        "sumoX": 1525.88,
        "sumoY": 1243.87,
        "width": 2.0,
        "length": 4.0,
        "angle": 200.0
      }
    },
    {
      "type": "Feature",
      "geometry": {
        "type": "Polygon",
        "coordinates": [
          [
            [
              -117.81792037771618,
              34.06167499634585
            ],
            [
              -117.8179406822558,
              34.061668692214944
            ],
            [
              -117.81792553295918,
              34.06163489461891
            ],
            [
              -117.81790522842641,
              34.061641198747246
            ],
            [
              -117.81792037771618,
              34.06167499634585
            ]
          ]
        ]
      },
      "properties": {
        "id": "far_pa_0_space_21",
        "parkingAreaId": "far_pa_0",
        "status": "available",
        "sumoX": 1530.12,
        "sumoY": 1245.29,
        "width": 2.0,
        "length": 4.0,
        "angle": 200.0
      }
    },
    {
      "type": "Feature",
      "geometry": {
        "type": "Polygon",
        "coordinates": [
          [
            [
              -117.81794329321758,
              34.0616690720157
            ],
            [
              -117.81796359775402,
              34.061662767881074
            ],
            [
              -117.81794844844946,
              34.06162897028794
            ],
            [
              -117.81792814391987,
              34.06163527442001
            ],
            [
              -117.81794329321758,
              34.0616690720157
            ]
          ]
        ]
      },
      "properties": {
        "id": "far_pa_0_space_22",
        "parkingAreaId": "far_pa_0",
        "status": "available",
        "sumoX": 1528.0,
        "sumoY": 1244.65,
        "width": 2.0,
        "length": 4.0,
        "angle": 200.0
      }
    },
    {
      "type": "Feature",
      "geometry": {
        "type": "Polygon",
        "coordinates": [
          [
            [
              -117.81789799791471,
              34.06168028581294
            ],
            [
              -117.8179183024573,
              34.06167398168571
            ],
            [
              -117.81790315316852,
              34.061640184086826
            ],
            [
              -117.81788284863278,
              34.061646488211494
            ],
            [
              -117.81789799791471,
              34.06168028581294
            ]
          ]
        ]
      },
      "properties": {
        "id": "far_pa_0_space_23",
        "parkingAreaId": "far_pa_0",
        "status": "available",
        "sumoX": 1532.19,
        "sumoY": 1245.86,
        "width": 2.0,
        "length": 4.0,
        "angle": 200.0
      }
    },
    {
      "type": "Feature",
      "geometry": {
        "type": "Polygon",
        "coordinates": [
          [
            [
              -117.81787552361835,
              34.0616870188623
            ],
            [
              -117.81789582816427,
              34.061680714738735
            ],
            [
              -117.8178806788831,
              34.061646917137004
            ],
            [
              -117.81786037434402,
              34.061653221258005
            ],
            [
              -117.81787552361835,
              34.0616870188623
            ]
          ]
        ]
      },
      "properties": {
        "id": "far_pa_0_space_24",
        "parkingAreaId": "far_pa_0",
        "status": "available",
        "sumoX": 1534.27,
        "sumoY": 1246.59,
        "width": 2.0,
        "length": 4.0,
        "angle": 200.0
      }
    },
    {
      "type": "Feature",
      "geometry": {
        "type": "Polygon",
        "coordinates": [
          [
            [
              -117.81785315074133,
              34.061693029753954
            ],
            [
              -117.81787345529041,
              34.06168672563403
            ],
            [
              -117.81785830601697,
              34.06165292802947
            ],
            [
              -117.81783800147471,
              34.0616592321468
            ],
            [
              -117.81785315074133,
              34.061693029753954
            ]
          ]
        ]
      },
      "properties": {
        "id": "far_pa_0_space_25",
        "parkingAreaId": "far_pa_0",
        "status": "available",
        "sumoX": 1536.34,
        "sumoY": 1247.24,
        "width": 2.0,
        "length": 4.0,
        "angle": 200.0
      }
    },
    {
      "type": "Feature",
      "geometry": {
        "type": "Polygon",
        "coordinates": [
          [
            [
              -117.8178302282965,
              34.06169823263479
            ],
            [
              -117.8178505328486,
              34.06169192851864
            ],
            [
              -117.8178353835832,
              34.06165813091115
            ],
            [
              -117.81781507903794,
              34.061664435024746
            ],
            [
              -117.8178302282965,
              34.06169823263479
            ]
          ]
        ]
      },
      "properties": {
        "id": "far_pa_0_space_26",
        "parkingAreaId": "far_pa_0",
        "status": "available",
        "sumoX": 1538.46,
        "sumoY": 1247.8,
        "width": 2.0,
        "length": 4.0,
        "angle": 200.0
      }
    },
    {
      "type": "Feature",
      "geometry": {
        "type": "Polygon",
        "coordinates": [
          [
            [
              -117.81781260226515,
              34.061707489891745
            ],
            [
              -117.81782909162948,
              34.06169578623158
            ],
            [
              -117.81780096685483,
              34.061668339132446
            ],
            [
              -117.8177844774918,
              34.06168004278887
            ],
            [
              -117.81781260226515,
              34.061707489891745
            ]
          ]
        ]
      },
      "properties": {
        "id": "far_pa_0_space_27",
        "parkingAreaId": "far_pa_0",
        "status": "available",
        "sumoX": 1540.87,
        "sumoY": 1248.86,
        "width": 2.0,
        "length": 4.0,
        "angle": 220.0
      }
    },
    {
      "type": "Feature",
      "geometry": {
        "type": "Polygon",
        "coordinates": [
          [
            [
              -117.81779484433272,
              34.06172014374375
            ],
            [
              -117.81781133370198,
              34.061708440085916
            ],
            [
              -117.81778320892869,
              34.06168099298276
            ],
            [
              -117.81776671956075,
              34.06169269663685
            ],
            [
              -117.81779484433272,
              34.06172014374375
            ]
          ]
        ]
      },
      "properties": {
        "id": "far_pa_0_space_28",
        "parkingAreaId": "far_pa_0",
        "status": "available",
        "sumoX": 1542.52,
        "sumoY": 1250.25,
        "width": 2.0,
        "length": 4.0,
        "angle": 220.0
      }
    },
    {
      "type": "Feature",
      "geometry": {
        "type": "Polygon",
        "coordinates": [
          [
            [
              -117.81777632445466,
              34.06173244192353
            ],
            [
              -117.81779281382886,
              34.061720738268136
            ],
            [
              -117.81776468905731,
              34.06169329116077
            ],
            [
              -117.8177481996844,
              34.061704994812416
            ],
            [
              -117.81777632445466,
              34.06173244192353
            ]
          ]
        ]
      },
      "properties": {
        "id": "far_pa_0_space_29",
        "parkingAreaId": "far_pa_0",
        "status": "available",
        "sumoX": 1544.24,
        "sumoY": 1251.6,
        "width": 2.0,
        "length": 4.0,
        "angle": 220.0
      }
    },
    {
      "type": "Feature",
      "geometry": {
        "type": "Polygon",
        "coordinates": [
          [
            [
              -117.81773969557572,
              34.061754690735135
            ],
            [
              -117.8177561849593,
              34.06174298708455
            ],
            [
              -117.8177280601919,
              34.06171553996883
            ],
            [
              -117.8177115708096,
              34.061727243615664
            ],
            [
              -117.81773969557572,
              34.061754690735135
            ]
          ]
        ]
      },
      "properties": {
        "id": "far_pa_0_space_30",
        "parkingAreaId": "far_pa_0",
        "status": "available",
        "sumoX": 1547.64,
        "sumoY": 1254.04,
        "width": 2.0,
        "length": 4.0,
        "angle": 220.0
      }
    },
    {
      "type": "Feature",
      "geometry": {
        "type": "Polygon",
        "coordinates": [
          [
            [
              -117.81772205030714,
              34.06176779475132
            ],
            [
              -117.8177385396957,
              34.061756091103064
            ],
            [
              -117.81771041492946,
              34.06172864398333
            ],
            [
              -117.81769392554222,
              34.06174034762785
            ],
            [
              -117.81772205030714,
              34.06176779475132
            ]
          ]
        ]
      },
      "properties": {
        "id": "far_pa_0_space_31",
        "parkingAreaId": "far_pa_0",
        "status": "available",
        "sumoX": 1549.28,
        "sumoY": 1255.48,
        "width": 2.0,
        "length": 4.0,
        "angle": 220.0
      }
    },
    {
      "type": "Feature",
      "geometry": {
        "type": "Polygon",
        "coordinates": [
          [
            [
              -117.8177035252111,
              34.06177955184583
            ],
            [
              -117.81772001460449,
              34.061767848200034
            ],
            [
              -117.8176918898402,
              34.061740401076094
            ],
            [
              -117.81767540044808,
              34.06175210471817
            ],
            [
              -117.8177035252111,
              34.06177955184583
            ]
          ]
        ]
      },
      "properties": {
        "id": "far_pa_0_space_32",
        "parkingAreaId": "far_pa_0",
        "status": "available",
        "sumoX": 1551.0,
        "sumoY": 1256.77,
        "width": 2.0,
        "length": 4.0,
        "angle": 220.0
      }
    },
    {
      "type": "Feature",
      "geometry": {
        "type": "Polygon",
        "coordinates": [
          [
            [
              -117.81768412635112,
              34.06179059327191
            ],
            [
              -117.81770061574935,
              34.06177888962864
            ],
            [
              -117.81767249098748,
              34.061751442500274
            ],
            [
              -117.81765600159055,
              34.0617631461398
            ],
            [
              -117.81768412635112,
              34.06179059327191
            ]
          ]
        ]
      },
      "properties": {
        "id": "far_pa_0_space_33",
        "parkingAreaId": "far_pa_0",
        "status": "available",
        "sumoX": 1552.8,
        "sumoY": 1257.98,
        "width": 2.0,
        "length": 4.0,
        "angle": 220.0
      }
    },
    {
      "type": "Feature",
      "geometry": {
        "type": "Polygon",
        "coordinates": [
          [
            [
              -117.81775800828515,
              34.061743385972505
            ],
            [
              -117.81777449766399,
              34.06173168231953
            ],
            [
              -117.81774637289459,
              34.061704235207976
            ],
            [
              -117.81772988351703,
              34.06171593885722
            ],
            [
              -117.81775800828515,
              34.061743385972505
            ]
          ]
        ]
      },
      "properties": {
        "id": "far_pa_0_space_34",
        "parkingAreaId": "far_pa_0",
        "status": "available",
        "sumoX": 1545.94,
        "sumoY": 1252.8,
        "width": 2.0,
        "length": 4.0,
        "angle": 220.0
      }
    },
    {
      "type": "Feature",
      "geometry": {
        "type": "Polygon",
        "coordinates": [
          [
            [
              -117.81766581968452,
              34.0618025292773
            ],
            [
              -117.8176823090876,
              34.06179082563645
            ],
            [
              -117.81765418432751,
              34.061763378503905
            ],
            [
              -117.81763769492572,
              34.06177508214102
            ],
            [
              -117.81766581968452,
              34.0618025292773
            ]
          ]
        ]
      },
      "properties": {
        "id": "far_pa_0_space_35",
        "parkingAreaId": "far_pa_0",
        "status": "available",
        "sumoX": 1554.5,
        "sumoY": 1259.29,
        "width": 2.0,
        "length": 4.0,
        "angle": 220.0
      }
    },
    {
      "type": "Feature",
      "geometry": {
        "type": "Polygon",
        "coordinates": [
          [
            [
              -117.81760894668781,
              34.06183807971458
            ],
            [
              -117.81762543610564,
              34.06182637608121
            ],
            [
              -117.81759731135163,
              34.061798928935715
            ],
            [
              -117.8175808219351,
              34.06181063256535
            ],
            [
              -117.81760894668781,
              34.06183807971458
            ]
          ]
        ]
      },
      "properties": {
        "id": "far_pa_0_space_36",
        "parkingAreaId": "far_pa_0",
        "status": "available",
        "sumoX": 1559.78,
        "sumoY": 1263.19,
        "width": 2.0,
        "length": 4.0,
        "angle": 220.0
      }
    },
    {
      "type": "Feature",
      "geometry": {
        "type": "Polygon",
        "coordinates": [
          [
            [
              -117.8176274700776,
              34.061826142275876
            ],
            [
              -117.81764395949054,
              34.06181443864007
            ],
            [
              -117.8176158347347,
              34.06178699149879
            ],
            [
              -117.81759934532302,
              34.061798695130854
            ],
            [
              -117.8176274700776,
              34.061826142275876
            ]
          ]
        ]
      },
      "properties": {
        "id": "far_pa_0_space_37",
        "parkingAreaId": "far_pa_0",
        "status": "available",
        "sumoX": 1558.06,
        "sumoY": 1261.88,
        "width": 2.0,
        "length": 4.0,
        "angle": 220.0
      }
    },
    {
      "type": "Feature",
      "geometry": {
        "type": "Polygon",
        "coordinates": [
          [
            [
              -117.81759042589094,
              34.06185028768781
            ],
            [
              -117.81760691531372,
              34.061838584056865
            ],
            [
              -117.81757879056146,
              34.06181113690717
            ],
            [
              -117.81756230114001,
              34.06182284053436
            ],
            [
              -117.81759042589094,
              34.06185028768781
            ]
          ]
        ]
      },
      "properties": {
        "id": "far_pa_0_space_38",
        "parkingAreaId": "far_pa_0",
        "status": "available",
        "sumoX": 1561.5,
        "sumoY": 1264.53,
        "width": 2.0,
        "length": 4.0,
        "angle": 220.0
      }
    },
    {
      "type": "Feature",
      "geometry": {
        "type": "Polygon",
        "coordinates": [
          [
            [
              -117.81830162532557,
              34.06144403718242
            ],
            [
              -117.81832293664438,
              34.06144076320566
            ],
            [
              -117.81831506905336,
              34.06140528969468
            ],
            [
              -117.8182937577431,
              34.061408563669964
            ],
            [
              -117.81830162532557,
              34.06144403718242
            ]
          ]
        ]
      },
      "properties": {
        "id": "far_pa_14_space_0",
        "parkingAreaId": "far_pa_14",
        "status": "available",
        "sumoX": 1494.35,
        "sumoY": 1220.04,
        "width": 2.0,
        "length": 4.0,
        "angle": 190.0
      }
    },
    {
      "type": "Feature",
      "geometry": {
        "type": "Polygon",
        "coordinates": [
          [
            [
              -117.81827577050477,
              34.06144853819044
            ],
            [
              -117.81829708182576,
              34.06144526421814
            ],
            [
              -117.81828921424504,
              34.061409790705376
            ],
            [
              -117.81826790293255,
              34.06141306467621
            ],
            [
              -117.81827577050477,
              34.06144853819044
            ]
          ]
        ]
      },
      "properties": {
        "id": "far_pa_14_space_1",
        "parkingAreaId": "far_pa_14",
        "status": "available",
        "sumoX": 1496.74,
        "sumoY": 1220.52,
        "width": 2.0,
        "length": 4.0,
        "angle": 190.0
      }
    },
    {
      "type": "Feature",
      "geometry": {
        "type": "Polygon",
        "coordinates": [
          [
            [
              -117.81825077643998,
              34.06145240216869
            ],
            [
              -117.81827208776302,
              34.06144912820071
            ],
            [
              -117.81826422019228,
              34.06141365468621
            ],
            [
              -117.81824290887776,
              34.06141692865273
            ],
            [
              -117.81825077643998,
              34.06145240216869
            ]
          ]
        ]
      },
      "properties": {
        "id": "far_pa_14_space_2",
        "parkingAreaId": "far_pa_14",
        "status": "available",
        "sumoX": 1499.05,
        "sumoY": 1220.93,
        "width": 2.0,
        "length": 4.0,
        "angle": 190.0
      }
    },
    {
      "type": "Feature",
      "geometry": {
        "type": "Polygon",
        "coordinates": [
          [
            [
              -117.8182249094798,
              34.06145564065904
            ],
            [
              -117.81824622080472,
              34.06145236669552
            ],
            [
              -117.8182383532444,
              34.061416893179235
            ],
            [
              -117.81821704192801,
              34.061420167141286
            ],
            [
              -117.8182249094798,
              34.06145564065904
            ]
          ]
        ]
      },
      "properties": {
        "id": "far_pa_14_space_3",
        "parkingAreaId": "far_pa_14",
        "status": "available",
        "sumoX": 1501.44,
        "sumoY": 1221.27,
        "width": 2.0,
        "length": 4.0,
        "angle": 190.0
      }
    },
    {
      "type": "Feature",
      "geometry": {
        "type": "Polygon",
        "coordinates": [
          [
            [
              -117.81820065568293,
              34.061457605817246
            ],
            [
              -117.81822196700936,
              34.06145433185789
            ],
            [
              -117.81821409945893,
              34.06141885833992
            ],
            [
              -117.81819278814102,
              34.06142213229781
            ],
            [
              -117.81820065568293,
              34.061457605817246
            ]
          ]
        ]
      },
      "properties": {
        "id": "far_pa_14_space_4",
        "parkingAreaId": "far_pa_14",
        "status": "available",
        "sumoX": 1503.68,
        "sumoY": 1221.47,
        "width": 2.0,
        "length": 4.0,
        "angle": 190.0
      }
    },
    {
      "type": "Feature",
      "geometry": {
        "type": "Polygon",
        "coordinates": [
          [
            [
              -117.81817707627091,
              34.06146209165702
            ],
            [
              -117.81819838759944,
              34.061458817701734
            ],
            [
              -117.81819052005834,
              34.06142334418215
            ],
            [
              -117.81816920873831,
              34.061426618135954
            ],
            [
              -117.81817707627091,
              34.06146209165702
            ]
          ]
        ]
      },
      "properties": {
        "id": "far_pa_14_space_5",
        "parkingAreaId": "far_pa_14",
        "status": "available",
        "sumoX": 1505.86,
        "sumoY": 1221.95,
        "width": 2.0,
        "length": 4.0,
        "angle": 190.0
      }
    },
    {
      "type": "Feature",
      "geometry": {
        "type": "Polygon",
        "coordinates": [
          [
            [
              -117.81812986370934,
              34.061465472220355
            ],
            [
              -117.81815117504075,
              34.061462198273226
            ],
            [
              -117.81814330751891,
              34.06142672475035
            ],
            [
              -117.81812199619604,
              34.061429998696006
            ],
            [
              -117.81812986370934,
              34.061465472220355
            ]
          ]
        ]
      },
      "properties": {
        "id": "far_pa_14_space_6",
        "parkingAreaId": "far_pa_14",
        "status": "available",
        "sumoX": 1510.22,
        "sumoY": 1222.29,
        "width": 2.0,
        "length": 4.0,
        "angle": 190.0
      }
    },
    {
      "type": "Feature",
      "geometry": {
        "type": "Polygon",
        "coordinates": [
          [
            [
              -117.81810704189752,
              34.06146986281894
            ],
            [
              -117.81812835323096,
              34.06146658887573
            ],
            [
              -117.81812048571815,
              34.061431115351276
            ],
            [
              -117.81809917439324,
              34.06143438929301
            ],
            [
              -117.81810704189752,
              34.06146986281894
            ]
          ]
        ]
      },
      "properties": {
        "id": "far_pa_14_space_7",
        "parkingAreaId": "far_pa_14",
        "status": "available",
        "sumoX": 1512.33,
        "sumoY": 1222.76,
        "width": 2.0,
        "length": 4.0,
        "angle": 190.0
      }
    },
    {
      "type": "Feature",
      "geometry": {
        "type": "Polygon",
        "coordinates": [
          [
            [
              -117.81805985965704,
              34.06147639962321
            ],
            [
              -117.81808117099409,
              34.06147312568814
            ],
            [
              -117.81807330350024,
              34.061437652160436
            ],
            [
              -117.81805199217169,
              34.06144092609403
            ],
            [
              -117.81805985965704,
              34.06147639962321
            ]
          ]
        ]
      },
      "properties": {
        "id": "far_pa_14_space_8",
        "parkingAreaId": "far_pa_14",
        "status": "available",
        "sumoX": 1516.69,
        "sumoY": 1223.45,
        "width": 2.0,
        "length": 4.0,
        "angle": 190.0
      }
    },
    {
      "type": "Feature",
      "geometry": {
        "type": "Polygon",
        "coordinates": [
          [
            [
              -117.81808345034497,
              34.06147308613378
            ],
            [
              -117.81810476168019,
              34.06146981219466
            ],
            [
              -117.81809689417688,
              34.061434338668576
            ],
            [
              -117.81807558285016,
              34.06143761260624
            ],
            [
              -117.81808345034497,
              34.06147308613378
            ]
          ]
        ]
      },
      "properties": {
        "id": "far_pa_14_space_9",
        "parkingAreaId": "far_pa_14",
        "status": "available",
        "sumoX": 1514.51,
        "sumoY": 1223.1,
        "width": 2.0,
        "length": 4.0,
        "angle": 190.0
      }
    },
    {
      "type": "Feature",
      "geometry": {
        "type": "Polygon",
        "coordinates": [
          [
            [
              -117.81815272018406,
              34.061464688780624
            ],
            [
              -117.81817403151429,
              34.06146141482953
            ],
            [
              -117.81816616398304,
              34.06142594130825
            ],
            [
              -117.81814485266133,
              34.06142921525786
            ],
            [
              -117.81815272018406,
              34.061464688780624
            ]
          ]
        ]
      },
      "properties": {
        "id": "far_pa_14_space_10",
        "parkingAreaId": "far_pa_14",
        "status": "available",
        "sumoX": 1508.11,
        "sumoY": 1222.22,
        "width": 2.0,
        "length": 4.0,
        "angle": 190.0
      }
    },
    {
      "type": "Feature",
      "geometry": {
        "type": "Polygon",
        "coordinates": [
          [
            [
              -117.8180362681007,
              34.06147962292905
            ],
            [
              -117.81805757943955,
              34.061476348998035
            ],
            [
              -117.81804971195515,
              34.061440875468705
            ],
            [
              -117.81802840062481,
              34.061444149398234
            ],
            [
              -117.8180362681007,
              34.06147962292905
            ]
          ]
        ]
      },
      "properties": {
        "id": "far_pa_14_space_11",
        "parkingAreaId": "far_pa_14",
        "status": "available",
        "sumoX": 1518.87,
        "sumoY": 1223.79,
        "width": 2.0,
        "length": 4.0,
        "angle": 190.0
      }
    },
    {
      "type": "Feature",
      "geometry": {
        "type": "Polygon",
        "coordinates": [
          [
            [
              -117.8180134879246,
              34.0614862510953
            ],
            [
              -117.81803379241225,
              34.061479946949596
            ],
            [
              -117.81801864311409,
              34.06144614936406
            ],
            [
              -117.81799833863325,
              34.0614524535072
            ],
            [
              -117.8180134879246,
              34.0614862510953
            ]
          ]
        ]
      },
      "properties": {
        "id": "far_pa_14_space_12",
        "parkingAreaId": "far_pa_14",
        "status": "available",
        "sumoX": 1521.36,
        "sumoY": 1224.43,
        "width": 2.0,
        "length": 4.0,
        "angle": 200.0
      }
    },
    {
      "type": "Feature",
      "geometry": {
        "type": "Polygon",
        "coordinates": [
          [
            [
              -117.81799101542164,
              34.06149316452327
            ],
            [
              -117.81801131991269,
              34.06148686038123
            ],
            [
              -117.8179961706221,
              34.061453062792836
            ],
            [
              -117.81797586613787,
              34.06145936693232
            ],
            [
              -117.81799101542164,
              34.06149316452327
            ]
          ]
        ]
      },
      "properties": {
        "id": "far_pa_14_space_13",
        "parkingAreaId": "far_pa_14",
        "status": "available",
        "sumoX": 1523.44,
        "sumoY": 1225.18,
        "width": 2.0,
        "length": 4.0,
        "angle": 200.0
      }
    },
    {
      "type": "Feature",
      "geometry": {
        "type": "Polygon",
        "coordinates": [
          [
            [
              -117.81796865646693,
              34.061500618300535
            ],
            [
              -117.81798896096146,
              34.06149431416215
            ],
            [
              -117.81797381167829,
              34.06146051657094
            ],
            [
              -117.81795350719058,
              34.06146682070676
            ],
            [
              -117.81796865646693,
              34.061500618300535
            ]
          ]
        ]
      },
      "properties": {
        "id": "far_pa_14_space_14",
        "parkingAreaId": "far_pa_14",
        "status": "available",
        "sumoX": 1525.51,
        "sumoY": 1225.99,
        "width": 2.0,
        "length": 4.0,
        "angle": 200.0
      }
    },
    {
      "type": "Feature",
      "geometry": {
        "type": "Polygon",
        "coordinates": [
          [
            [
              -117.81794628711121,
              34.06150698992482
            ],
            [
              -117.817966591609,
              34.06150068579009
            ],
            [
              -117.81795144233347,
              34.061466888196044
            ],
            [
              -117.81793113784254,
              34.06147319232822
            ],
            [
              -117.81794628711121,
              34.06150698992482
            ]
          ]
        ]
      },
      "properties": {
        "id": "far_pa_14_space_15",
        "parkingAreaId": "far_pa_14",
        "status": "available",
        "sumoX": 1527.58,
        "sumoY": 1226.68,
        "width": 2.0,
        "length": 4.0,
        "angle": 200.0
      }
    },
    {
      "type": "Feature",
      "geometry": {
        "type": "Polygon",
        "coordinates": [
          [
            [
              -117.81792393767913,
              34.061515435663935
            ],
            [
              -117.81794424218063,
              34.061509131532844
            ],
            [
              -117.81792909291235,
              34.06147533393599
            ],
            [
              -117.81790878841767,
              34.061481638064514
            ],
            [
              -117.81792393767913,
              34.061515435663935
            ]
          ]
        ]
      },
      "properties": {
        "id": "far_pa_14_space_16",
        "parkingAreaId": "far_pa_14",
        "status": "available",
        "sumoX": 1529.65,
        "sumoY": 1227.6,
        "width": 2.0,
        "length": 4.0,
        "angle": 200.0
      }
    },
    {
      "type": "Feature",
      "geometry": {
        "type": "Polygon",
        "coordinates": [
          [
            [
              -117.81790091819593,
              34.06152181160649
            ],
            [
              -117.81792122270073,
              34.06151550747915
            ],
            [
              -117.81790607344033,
              34.06148170987937
            ],
            [
              -117.81788576894236,
              34.061488014004134
            ],
            [
              -117.81790091819593,
              34.06152181160649
            ]
          ]
        ]
      },
      "properties": {
        "id": "far_pa_14_space_17",
        "parkingAreaId": "far_pa_14",
        "status": "available",
        "sumoX": 1531.78,
        "sumoY": 1228.29,
        "width": 2.0,
        "length": 4.0,
        "angle": 200.0
      }
    },
    {
      "type": "Feature",
      "geometry": {
        "type": "Polygon",
        "coordinates": [
          [
            [
              -117.81787920328124,
              34.06152862978778
            ],
            [
              -117.81789950778936,
              34.06152232566401
            ],
            [
              -117.81788435853628,
              34.06148852806148
            ],
            [
              -117.81786405403498,
              34.061494832182696
            ],
            [
              -117.81787920328124,
              34.06152862978778
            ]
          ]
        ]
      },
      "properties": {
        "id": "far_pa_14_space_18",
        "parkingAreaId": "far_pa_14",
        "status": "available",
        "sumoX": 1533.79,
        "sumoY": 1229.03,
        "width": 2.0,
        "length": 4.0,
        "angle": 200.0
      }
    },
    {
      "type": "Feature",
      "geometry": {
        "type": "Polygon",
        "coordinates": [
          [
            [
              -117.81776984939133,
              34.06156056138599
            ],
            [
              -117.8177901539155,
              34.06155425728008
            ],
            [
              -117.81777500469957,
              34.06152045966369
            ],
            [
              -117.81775470018225,
              34.06152676376703
            ],
            [
              -117.81776984939133,
              34.06156056138599
            ]
          ]
        ]
      },
      "properties": {
        "id": "far_pa_14_space_19",
        "parkingAreaId": "far_pa_14",
        "status": "available",
        "sumoX": 1543.91,
        "sumoY": 1232.49,
        "width": 2.0,
        "length": 4.0,
        "angle": 200.0
      }
    },
    {
      "type": "Feature",
      "geometry": {
        "type": "Polygon",
        "coordinates": [
          [
            [
              -117.81781329224576,
              34.06154827774403
            ],
            [
              -117.81783359676363,
              34.06154197363103
            ],
            [
              -117.81781844753287,
              34.06150817602014
            ],
            [
              -117.81779814302183,
              34.06151448013059
            ],
            [
              -117.81781329224576,
              34.06154827774403
            ]
          ]
        ]
      },
      "properties": {
        "id": "far_pa_14_space_20",
        "parkingAreaId": "far_pa_14",
        "status": "available",
        "sumoX": 1539.89,
        "sumoY": 1231.16,
        "width": 2.0,
        "length": 4.0,
        "angle": 200.0
      }
    },
    {
      "type": "Feature",
      "geometry": {
        "type": "Polygon",
        "coordinates": [
          [
            [
              -117.8178356668205,
              34.06154244721819
            ],
            [
              -117.81785597133526,
              34.06153614310152
            ],
            [
              -117.81784082209676,
              34.06150234549349
            ],
            [
              -117.81782051758884,
              34.06150864960758
            ],
            [
              -117.8178356668205,
              34.06154244721819
            ]
          ]
        ]
      },
      "properties": {
        "id": "far_pa_14_space_21",
        "parkingAreaId": "far_pa_14",
        "status": "available",
        "sumoX": 1537.82,
        "sumoY": 1230.53,
        "width": 2.0,
        "length": 4.0,
        "angle": 200.0
      }
    },
    {
      "type": "Feature",
      "geometry": {
        "type": "Polygon",
        "coordinates": [
          [
            [
              -117.81765925407196,
              34.0615986337158
            ],
            [
              -117.8176795586137,
              34.06159232962795
            ],
            [
              -117.8176644094343,
              34.061558531997605
            ],
            [
              -117.8176441048994,
              34.06156483608287
            ],
            [
              -117.81765925407196,
              34.0615986337158
            ]
          ]
        ]
      },
      "properties": {
        "id": "far_pa_14_space_22",
        "parkingAreaId": "far_pa_14",
        "status": "available",
        "sumoX": 1554.15,
        "sumoY": 1236.63,
        "width": 2.0,
        "length": 4.0,
        "angle": 200.0
      }
    },
    {
      "type": "Feature",
      "geometry": {
        "type": "Polygon",
        "coordinates": [
          [
            [
              -117.81768161827735,
              34.06159172106868
            ],
            [
              -117.81770192281571,
              34.06158541697717
            ],
            [
              -117.8176867736288,
              34.061551619349665
            ],
            [
              -117.81766646909725,
              34.061557923438585
            ],
            [
              -117.81768161827735,
              34.06159172106868
            ]
          ]
        ]
      },
      "properties": {
        "id": "far_pa_14_space_23",
        "parkingAreaId": "far_pa_14",
        "status": "available",
        "sumoX": 1552.08,
        "sumoY": 1235.88,
        "width": 2.0,
        "length": 4.0,
        "angle": 200.0
      }
    },
    {
      "type": "Feature",
      "geometry": {
        "type": "Polygon",
        "coordinates": [
          [
            [
              -117.81770460748096,
              34.0615821888988
            ],
            [
              -117.81772491201531,
              34.06157588480355
            ],
            [
              -117.81770976282108,
              34.061542087178914
            ],
            [
              -117.81768945829357,
              34.06154839127161
            ],
            [
              -117.81770460748096,
              34.0615821888988
            ]
          ]
        ]
      },
      "properties": {
        "id": "far_pa_14_space_24",
        "parkingAreaId": "far_pa_14",
        "status": "available",
        "sumoX": 1549.95,
        "sumoY": 1234.84,
        "width": 2.0,
        "length": 4.0,
        "angle": 200.0
      }
    },
    {
      "type": "Feature",
      "geometry": {
        "type": "Polygon",
        "coordinates": [
          [
            [
              -117.81772751431154,
              34.061575362818125
            ],
            [
              -117.81774781884248,
              34.061569058719115
            ],
            [
              -117.81773266964048,
              34.0615352610974
            ],
            [
              -117.81771236511639,
              34.06154156519382
            ],
            [
              -117.81772751431154,
              34.061575362818125
            ]
          ]
        ]
      },
      "properties": {
        "id": "far_pa_14_space_25",
        "parkingAreaId": "far_pa_14",
        "status": "available",
        "sumoX": 1547.83,
        "sumoY": 1234.1,
        "width": 2.0,
        "length": 4.0,
        "angle": 200.0
      }
    },
    {
      "type": "Feature",
      "geometry": {
        "type": "Polygon",
        "coordinates": [
          [
            [
              -117.81774870134299,
              34.06156999113325
            ],
            [
              -117.81776900587103,
              34.06156368703078
            ],
            [
              -117.81775385666168,
              34.06152988941174
            ],
            [
              -117.8177335521405,
              34.06153619351163
            ],
            [
              -117.81774870134299,
              34.06156999113325
            ]
          ]
        ]
      },
      "properties": {
        "id": "far_pa_14_space_26",
        "parkingAreaId": "far_pa_14",
        "status": "available",
        "sumoX": 1545.87,
        "sumoY": 1233.52,
        "width": 2.0,
        "length": 4.0,
        "angle": 200.0
      }
    },
    {
      "type": "Feature",
      "geometry": {
        "type": "Polygon",
        "coordinates": [
          [
            [
              -117.81778973617553,
              34.06155519834533
            ],
            [
              -117.81781004069687,
              34.06154889423617
            ],
            [
              -117.8177948914741,
              34.06151509662231
            ],
            [
              -117.81777458695959,
              34.06152140072891
            ],
            [
              -117.81778973617553,
              34.06155519834533
            ]
          ]
        ]
      },
      "properties": {
        "id": "far_pa_14_space_27",
        "parkingAreaId": "far_pa_14",
        "status": "available",
        "sumoX": 1542.07,
        "sumoY": 1231.91,
        "width": 2.0,
        "length": 4.0,
        "angle": 200.0
      }
    },
    {
      "type": "Feature",
      "geometry": {
        "type": "Polygon",
        "coordinates": [
          [
            [
              -117.81785749962525,
              34.061536620293374
            ],
            [
              -117.81787780413691,
              34.06153031617313
            ],
            [
              -117.81786265489089,
              34.06149651856788
            ],
            [
              -117.81784235038604,
              34.06150282268553
            ],
            [
              -117.81785749962525,
              34.061536620293374
            ]
          ]
        ]
      },
      "properties": {
        "id": "far_pa_14_space_28",
        "parkingAreaId": "far_pa_14",
        "status": "available",
        "sumoX": 1535.8,
        "sumoY": 1229.9,
        "width": 2.0,
        "length": 4.0,
        "angle": 200.0
      }
    },
    {
      "type": "Feature",
      "geometry": {
        "type": "Polygon",
        "coordinates": [
          [
            [
              -117.81763215962512,
              34.06161489817008
            ],
            [
              -117.8176486489971,
              34.061603194533845
            ],
            [
              -117.81762052431101,
              34.06157574739173
            ],
            [
              -117.81760403494029,
              34.0615874510242
            ],
            [
              -117.81763215962512,
              34.06161489817008
            ]
          ]
        ]
      },
      "properties": {
        "id": "far_pa_14_space_29",
        "parkingAreaId": "far_pa_14",
        "status": "available",
        "sumoX": 1557.44,
        "sumoY": 1238.46,
        "width": 2.0,
        "length": 4.0,
        "angle": 220.0
      }
    },
    {
      "type": "Feature",
      "geometry": {
        "type": "Polygon",
        "coordinates": [
          [
            [
              -117.81761365706696,
              34.061628999907285
            ],
            [
              -117.81763014644423,
              34.06161729627349
            ],
            [
              -117.81760202175923,
              34.06158984912717
            ],
            [
              -117.81758553238325,
              34.06160155275722
            ],
            [
              -117.81761365706696,
              34.061628999907285
            ]
          ]
        ]
      },
      "properties": {
        "id": "far_pa_14_space_30",
        "parkingAreaId": "far_pa_14",
        "status": "available",
        "sumoX": 1559.16,
        "sumoY": 1240.01,
        "width": 2.0,
        "length": 4.0,
        "angle": 220.0
      }
    },
    {
      "type": "Feature",
      "geometry": {
        "type": "Polygon",
        "coordinates": [
          [
            [
              -117.81759492740304,
              34.06164202093429
            ],
            [
              -117.81761141678543,
              34.061630317302956
            ],
            [
              -117.817583292102,
              34.06160287015238
            ],
            [
              -117.8175668027209,
              34.06161457377998
            ],
            [
              -117.81759492740304,
              34.06164202093429
            ]
          ]
        ]
      },
      "properties": {
        "id": "far_pa_14_space_31",
        "parkingAreaId": "far_pa_14",
        "status": "available",
        "sumoX": 1560.9,
        "sumoY": 1241.44,
        "width": 2.0,
        "length": 4.0,
        "angle": 220.0
      }
    },
    {
      "type": "Feature",
      "geometry": {
        "type": "Polygon",
        "coordinates": [
          [
            [
              -117.81757695534208,
              34.061654946734045
            ],
            [
              -117.81759344472945,
              34.061643243105074
            ],
            [
              -117.81756532004738,
              34.061615795950416
            ],
            [
              -117.81754883066127,
              34.06162749957566
            ],
            [
              -117.81757695534208,
              34.061654946734045
            ]
          ]
        ]
      },
      "properties": {
        "id": "far_pa_14_space_32",
        "parkingAreaId": "far_pa_14",
        "status": "available",
        "sumoX": 1562.57,
        "sumoY": 1242.86,
        "width": 2.0,
        "length": 4.0,
        "angle": 220.0
      }
    },
    {
      "type": "Feature",
      "geometry": {
        "type": "Polygon",
        "coordinates": [
          [
            [
              -117.81755800203162,
              34.06166724776438
            ],
            [
              -117.81757449142401,
              34.061655544137906
            ],
            [
              -117.8175463667438,
              34.06162809697895
            ],
            [
              -117.8175298773527,
              34.061639800601675
            ],
            [
              -117.81755800203162,
              34.06166724776438
            ]
          ]
        ]
      },
      "properties": {
        "id": "far_pa_14_space_33",
        "parkingAreaId": "far_pa_14",
        "status": "available",
        "sumoX": 1564.33,
        "sumoY": 1244.21,
        "width": 2.0,
        "length": 4.0,
        "angle": 220.0
      }
    },
    {
      "type": "Feature",
      "geometry": {
        "type": "Polygon",
        "coordinates": [
          [
            [
              -117.81754003169168,
              34.061680353917026
            ],
            [
              -117.81755652108909,
              34.06166865029291
            ],
            [
              -117.81752839641015,
              34.06164120312986
            ],
            [
              -117.81751190701405,
              34.06165290675023
            ],
            [
              -117.81754003169168,
              34.061680353917026
            ]
          ]
        ]
      },
      "properties": {
        "id": "far_pa_14_space_34",
        "parkingAreaId": "far_pa_14",
        "status": "available",
        "sumoX": 1566.0,
        "sumoY": 1245.65,
        "width": 2.0,
        "length": 4.0,
        "angle": 220.0
      }
    },
    {
      "type": "Feature",
      "geometry": {
        "type": "Polygon",
        "coordinates": [
          [
            [
              -117.81752130546901,
              34.06169373564938
            ],
            [
              -117.81753779487161,
              34.061682032027726
            ],
            [
              -117.81750967019411,
              34.061654584860435
            ],
            [
              -117.81749318079281,
              34.06166628847835
            ],
            [
              -117.81752130546901,
              34.06169373564938
            ]
          ]
        ]
      },
      "properties": {
        "id": "far_pa_14_space_35",
        "parkingAreaId": "far_pa_14",
        "status": "available",
        "sumoX": 1567.74,
        "sumoY": 1247.12,
        "width": 2.0,
        "length": 4.0,
        "angle": 220.0
      }
    },
    {
      "type": "Feature",
      "geometry": {
        "type": "Polygon",
        "coordinates": [
          [
            [
              -117.81750246049543,
              34.0617060359506
            ],
            [
              -117.81751894990302,
              34.06169433233142
            ],
            [
              -117.81749082522735,
              34.06166688515983
            ],
            [
              -117.81747433582106,
              34.06167858877527
            ],
            [
              -117.81750246049543,
              34.0617060359506
            ]
          ]
        ]
      },
      "properties": {
        "id": "far_pa_14_space_36",
        "parkingAreaId": "far_pa_14",
        "status": "available",
        "sumoX": 1569.49,
        "sumoY": 1248.47,
        "width": 2.0,
        "length": 4.0,
        "angle": 220.0
      }
    },
    {
      "type": "Feature",
      "geometry": {
        "type": "Polygon",
        "coordinates": [
          [
            [
              -117.81748372560187,
              34.061718515886476
            ],
            [
              -117.81750021501443,
              34.061706812269755
            ],
            [
              -117.81747209034053,
              34.06167936509392
            ],
            [
              -117.81745560092924,
              34.0616910687069
            ],
            [
              -117.81748372560187,
              34.061718515886476
            ]
          ]
        ]
      },
      "properties": {
        "id": "far_pa_14_space_37",
        "parkingAreaId": "far_pa_14",
        "status": "available",
        "sumoX": 1571.23,
        "sumoY": 1249.84,
        "width": 2.0,
        "length": 4.0,
        "angle": 220.0
      }
    },
    {
      "type": "Feature",
      "geometry": {
        "type": "Polygon",
        "coordinates": [
          [
            [
              -117.81746629181225,
              34.06173107735058
            ],
            [
              -117.81748278122969,
              34.06171937373615
            ],
            [
              -117.81745465655708,
              34.061691926556364
            ],
            [
              -117.81743816714095,
              34.061703630167045
            ],
            [
              -117.81746629181225,
              34.06173107735058
            ]
          ]
        ]
      },
      "properties": {
        "id": "far_pa_14_space_38",
        "parkingAreaId": "far_pa_14",
        "status": "available",
        "sumoX": 1572.85,
        "sumoY": 1251.22,
        "width": 2.0,
        "length": 4.0,
        "angle": 220.0
      }
    },
    {
      "type": "Feature",
      "geometry": {
        "type": "Polygon",
        "coordinates": [
          [
            [
              -117.81744701513959,
              34.06174356088432
            ],
            [
              -117.81746350456211,
              34.061731857272434
            ],
            [
              -117.81743537989142,
              34.061704410088254
            ],
            [
              -117.8174188904702,
              34.0617161136964
            ],
            [
              -117.81744701513959,
              34.06174356088432
            ]
          ]
        ]
      },
      "properties": {
        "id": "far_pa_14_space_39",
        "parkingAreaId": "far_pa_14",
        "status": "available",
        "sumoX": 1574.64,
        "sumoY": 1252.59,
        "width": 2.0,
        "length": 4.0,
        "angle": 220.0
      }
    },
    {
      "type": "Feature",
      "geometry": {
        "type": "Polygon",
        "coordinates": [
          [
            [
              -117.81742871191247,
              34.061755857571185
            ],
            [
              -117.81744520133992,
              34.0617441539617
            ],
            [
              -117.81741707667088,
              34.061716706773346
            ],
            [
              -117.81740058724473,
              34.06172841037909
            ],
            [
              -117.81742871191247,
              34.061755857571185
            ]
          ]
        ]
      },
      "properties": {
        "id": "far_pa_14_space_40",
        "parkingAreaId": "far_pa_14",
        "status": "available",
        "sumoX": 1576.34,
        "sumoY": 1253.94,
        "width": 2.0,
        "length": 4.0,
        "angle": 220.0
      }
    },
    {
      "type": "Feature",
      "geometry": {
        "type": "Polygon",
        "coordinates": [
          [
            [
              -117.81741419353503,
              34.061770081079054
            ],
            [
              -117.81742939460634,
              34.061757225917205
            ],
            [
              -117.81739850266389,
              34.06173192324286
            ],
            [
              -117.81738330159224,
              34.061744778400936
            ],
            [
              -117.81741419353503,
              34.061770081079054
            ]
          ]
        ]
      },
      "properties": {
        "id": "far_pa_14_space_41",
        "parkingAreaId": "far_pa_14",
        "status": "available",
        "sumoX": 1577.88,
        "sumoY": 1255.56,
        "width": 2.0,
        "length": 4.0,
        "angle": 225.0
      }
    },
    {
      "type": "Feature",
      "geometry": {
        "type": "Polygon",
        "coordinates": [
          [
            [
              -117.8173967787731,
              34.061784626473454
            ],
            [
              -117.81741197984962,
              34.06177177131371
            ],
            [
              -117.8173810879069,
              34.06174646863504
            ],
            [
              -117.81736588683003,
              34.061759323791016
            ],
            [
              -117.8173967787731,
              34.061784626473454
            ]
          ]
        ]
      },
      "properties": {
        "id": "far_pa_14_space_42",
        "parkingAreaId": "far_pa_14",
        "status": "available",
        "sumoX": 1579.5,
        "sumoY": 1257.16,
        "width": 2.0,
        "length": 4.0,
        "angle": 225.0
      }
    },
    {
      "type": "Feature",
      "geometry": {
        "type": "Polygon",
        "coordinates": [
          [
            [
              -117.81737871301706,
              34.06179908600992
            ],
            [
              -117.81739391409891,
              34.06178623085236
            ],
            [
              -117.8173630221561,
              34.061760928169214
            ],
            [
              -117.81734782107395,
              34.06177378332299
            ],
            [
              -117.81737871301706,
              34.06179908600992
            ]
          ]
        ]
      },
      "properties": {
        "id": "far_pa_14_space_43",
        "parkingAreaId": "far_pa_14",
        "status": "available",
        "sumoX": 1581.18,
        "sumoY": 1258.75,
        "width": 2.0,
        "length": 4.0,
        "angle": 225.0
      }
    },
    {
      "type": "Feature",
      "geometry": {
        "type": "Polygon",
        "coordinates": [
          [
            [
              -117.81736130257217,
              34.06181408229483
            ],
            [
              -117.81737650365933,
              34.061801227139384
            ],
            [
              -117.81734561171606,
              34.061775924451915
            ],
            [
              -117.81733041062859,
              34.0617887796036
            ],
            [
              -117.81736130257217,
              34.06181408229483
            ]
          ]
        ]
      },
      "properties": {
        "id": "far_pa_14_space_44",
        "parkingAreaId": "far_pa_14",
        "status": "available",
        "sumoX": 1582.8,
        "sumoY": 1260.4,
        "width": 2.0,
        "length": 4.0,
        "angle": 225.0
      }
    },
    {
      "type": "Feature",
      "geometry": {
        "type": "Polygon",
        "coordinates": [
          [
            [
              -117.81734410623129,
              34.06182880659893
            ],
            [
              -117.81735930732368,
              34.06181595144557
            ],
            [
              -117.81732841538,
              34.06179064875384
            ],
            [
              -117.81731321428731,
              34.061803503903455
            ],
            [
              -117.81734410623129,
              34.06182880659893
            ]
          ]
        ]
      },
      "properties": {
        "id": "far_pa_14_space_45",
        "parkingAreaId": "far_pa_14",
        "status": "available",
        "sumoX": 1584.4,
        "sumoY": 1262.02,
        "width": 2.0,
        "length": 4.0,
        "angle": 225.0
      }
    },
    {
      "type": "Feature",
      "geometry": {
        "type": "Polygon",
        "coordinates": [
          [
            [
              -117.81798259720902,
              34.06139518962068
            ],
            [
              -117.81800290167749,
              34.06138888548027
            ],
            [
              -117.81798775240848,
              34.06135508789001
            ],
            [
              -117.81796744794683,
              34.06136139202787
            ],
            [
              -117.81798259720902,
              34.06139518962068
            ]
          ]
        ]
      },
      "properties": {
        "id": "far_pa_15_space_0",
        "parkingAreaId": "far_pa_15",
        "status": "available",
        "sumoX": 1524.13,
        "sumoY": 1214.31,
        "width": 2.0,
        "length": 4.0,
        "angle": 200.0
      }
    },
    {
      "type": "Feature",
      "geometry": {
        "type": "Polygon",
        "coordinates": [
          [
            [
              -117.81796153331892,
              34.06140209366847
            ],
            [
              -117.81798183779065,
              34.06139578953149
            ],
            [
              -117.81796668852866,
              34.06136199193857
            ],
            [
              -117.81794638406376,
              34.061368296072985
            ],
            [
              -117.81796153331892,
              34.06140209366847
            ]
          ]
        ]
      },
      "properties": {
        "id": "far_pa_15_space_1",
        "parkingAreaId": "far_pa_15",
        "status": "available",
        "sumoX": 1526.08,
        "sumoY": 1215.06,
        "width": 2.0,
        "length": 4.0,
        "angle": 200.0
      }
    },
    {
      "type": "Feature",
      "geometry": {
        "type": "Polygon",
        "coordinates": [
          [
            [
              -117.81826356914512,
              34.06135158052914
            ],
            [
              -117.81828488044245,
              34.06134830655925
            ],
            [
              -117.81827701287659,
              34.06131283304494
            ],
            [
              -117.81825570158779,
              34.06131610701335
            ],
            [
              -117.81826356914512,
              34.06135158052914
            ]
          ]
        ]
      },
      "properties": {
        "id": "far_pa_15_space_2",
        "parkingAreaId": "far_pa_15",
        "status": "available",
        "sumoX": 1497.78,
        "sumoY": 1209.76,
        "width": 2.0,
        "length": 4.0,
        "angle": 190.0
      }
    },
    {
      "type": "Feature",
      "geometry": {
        "type": "Polygon",
        "coordinates": [
          [
            [
              -117.81828727421032,
              34.0613488975333
            ],
            [
              -117.81830858550597,
              34.06134562355933
            ],
            [
              -117.81830071793055,
              34.06131015004667
            ],
            [
              -117.81827940664343,
              34.06131342401917
            ],
            [
              -117.81828727421032,
              34.0613488975333
            ]
          ]
        ]
      },
      "properties": {
        "id": "far_pa_15_space_3",
        "parkingAreaId": "far_pa_15",
        "status": "available",
        "sumoX": 1495.59,
        "sumoY": 1209.48,
        "width": 2.0,
        "length": 4.0,
        "angle": 190.0
      }
    },
    {
      "type": "Feature",
      "geometry": {
        "type": "Polygon",
        "coordinates": [
          [
            [
              -117.8182393231794,
              34.06135435730622
            ],
            [
              -117.81826063447843,
              34.06135108334052
            ],
            [
              -117.8182527669224,
              34.06131560982453
            ],
            [
              -117.81823145563186,
              34.06131888378877
            ],
            [
              -117.8182393231794,
              34.06135435730622
            ]
          ]
        ]
      },
      "properties": {
        "id": "far_pa_15_space_4",
        "parkingAreaId": "far_pa_15",
        "status": "available",
        "sumoX": 1500.02,
        "sumoY": 1210.05,
        "width": 2.0,
        "length": 4.0,
        "angle": 190.0
      }
    },
    {
      "type": "Feature",
      "geometry": {
        "type": "Polygon",
        "coordinates": [
          [
            [
              -117.81821443229337,
              34.061357679480956
            ],
            [
              -117.81823574359429,
              34.06135440551954
            ],
            [
              -117.81822787604823,
              34.06131893200183
            ],
            [
              -117.81820656475583,
              34.06132220596177
            ],
            [
              -117.81821443229337,
              34.061357679480956
            ]
          ]
        ]
      },
      "properties": {
        "id": "far_pa_15_space_5",
        "parkingAreaId": "far_pa_15",
        "status": "available",
        "sumoX": 1502.32,
        "sumoY": 1210.4,
        "width": 2.0,
        "length": 4.0,
        "angle": 190.0
      }
    },
    {
      "type": "Feature",
      "geometry": {
        "type": "Polygon",
        "coordinates": [
          [
            [
              -117.81819138774203,
              34.061361440283896
            ],
            [
              -117.81821269904485,
              34.06135816632646
            ],
            [
              -117.81820483150798,
              34.06132269280716
            ],
            [
              -117.81818352021368,
              34.061325966763135
            ],
            [
              -117.81819138774203,
              34.061361440283896
            ]
          ]
        ]
      },
      "properties": {
        "id": "far_pa_15_space_6",
        "parkingAreaId": "far_pa_15",
        "status": "available",
        "sumoX": 1504.45,
        "sumoY": 1210.8,
        "width": 2.0,
        "length": 4.0,
        "angle": 190.0
      }
    },
    {
      "type": "Feature",
      "geometry": {
        "type": "Polygon",
        "coordinates": [
          [
            [
              -117.81816833798867,
              34.06136466000809
            ],
            [
              -117.81818964929329,
              34.06136138605463
            ],
            [
              -117.81818178176567,
              34.06132591253374
            ],
            [
              -117.81816047046958,
              34.06132918648572
            ],
            [
              -117.81816833798867,
              34.06136466000809
            ]
          ]
        ]
      },
      "properties": {
        "id": "far_pa_15_space_7",
        "parkingAreaId": "far_pa_15",
        "status": "available",
        "sumoX": 1506.58,
        "sumoY": 1211.14,
        "width": 2.0,
        "length": 4.0,
        "angle": 190.0
      }
    },
    {
      "type": "Feature",
      "geometry": {
        "type": "Polygon",
        "coordinates": [
          [
            [
              -117.81814527436757,
              34.06136643686274
            ],
            [
              -117.81816658567357,
              34.06136316291324
            ],
            [
              -117.81815871815537,
              34.06132768939076
            ],
            [
              -117.81813740685786,
              34.061330963338776
            ],
            [
              -117.81814527436757,
              34.06136643686274
            ]
          ]
        ]
      },
      "properties": {
        "id": "far_pa_15_space_8",
        "parkingAreaId": "far_pa_15",
        "status": "available",
        "sumoX": 1508.71,
        "sumoY": 1211.32,
        "width": 2.0,
        "length": 4.0,
        "angle": 190.0
      }
    },
    {
      "type": "Feature",
      "geometry": {
        "type": "Polygon",
        "coordinates": [
          [
            [
              -117.81812103792582,
              34.06137020558646
            ],
            [
              -117.81814234923381,
              34.06136693164116
            ],
            [
              -117.81813448172528,
              34.06133145811698
            ],
            [
              -117.81811317042582,
              34.06133473206082
            ],
            [
              -117.81812103792582,
              34.06137020558646
            ]
          ]
        ]
      },
      "properties": {
        "id": "far_pa_15_space_9",
        "parkingAreaId": "far_pa_15",
        "status": "available",
        "sumoX": 1510.95,
        "sumoY": 1211.72,
        "width": 2.0,
        "length": 4.0,
        "angle": 190.0
      }
    },
    {
      "type": "Feature",
      "geometry": {
        "type": "Polygon",
        "coordinates": [
          [
            [
              -117.81809733804823,
              34.06137342962485
            ],
            [
              -117.81811864935801,
              34.06137015568364
            ],
            [
              -117.81811078185899,
              34.06133468215783
            ],
            [
              -117.81808947055775,
              34.061337956097574
            ],
            [
              -117.81809733804823,
              34.06137342962485
            ]
          ]
        ]
      },
      "properties": {
        "id": "far_pa_15_space_10",
        "parkingAreaId": "far_pa_15",
        "status": "available",
        "sumoX": 1513.14,
        "sumoY": 1212.06,
        "width": 2.0,
        "length": 4.0,
        "angle": 190.0
      }
    },
    {
      "type": "Feature",
      "geometry": {
        "type": "Polygon",
        "coordinates": [
          [
            [
              -117.81807429435356,
              34.061377280585056
            ],
            [
              -117.81809560566526,
              34.0613740066478
            ],
            [
              -117.81808773817544,
              34.06133853312041
            ],
            [
              -117.81806642687225,
              34.061341807056195
            ],
            [
              -117.81807429435356,
              34.061377280585056
            ]
          ]
        ]
      },
      "properties": {
        "id": "far_pa_15_space_11",
        "parkingAreaId": "far_pa_15",
        "status": "available",
        "sumoX": 1515.27,
        "sumoY": 1212.47,
        "width": 2.0,
        "length": 4.0,
        "angle": 190.0
      }
    },
    {
      "type": "Feature",
      "geometry": {
        "type": "Polygon",
        "coordinates": [
          [
            [
              -117.81805069762606,
              34.06137996281882
            ],
            [
              -117.81807200893942,
              34.06137668888565
            ],
            [
              -117.81806414145915,
              34.06134121535662
            ],
            [
              -117.81804283015428,
              34.061344489288324
            ],
            [
              -117.81805069762606,
              34.06137996281882
            ]
          ]
        ]
      },
      "properties": {
        "id": "far_pa_15_space_12",
        "parkingAreaId": "far_pa_15",
        "status": "available",
        "sumoX": 1517.45,
        "sumoY": 1212.75,
        "width": 2.0,
        "length": 4.0,
        "angle": 190.0
      }
    },
    {
      "type": "Feature",
      "geometry": {
        "type": "Polygon",
        "coordinates": [
          [
            [
              -117.81802764352935,
              34.06138273162137
            ],
            [
              -117.81804895484439,
              34.06137945769217
            ],
            [
              -117.81804108737339,
              34.06134398416153
            ],
            [
              -117.81801977606688,
              34.06134725808928
            ],
            [
              -117.81802764352935,
              34.06138273162137
            ]
          ]
        ]
      },
      "properties": {
        "id": "far_pa_15_space_13",
        "parkingAreaId": "far_pa_15",
        "status": "available",
        "sumoX": 1519.58,
        "sumoY": 1213.04,
        "width": 2.0,
        "length": 4.0,
        "angle": 190.0
      }
    },
    {
      "type": "Feature",
      "geometry": {
        "type": "Polygon",
        "coordinates": [
          [
            [
              -117.81800524474897,
              34.06138603716725
            ],
            [
              -117.81802655606577,
              34.061382763241916
            ],
            [
              -117.81801868860376,
              34.06134728970974
            ],
            [
              -117.81799737729546,
              34.06135056363362
            ],
            [
              -117.81800524474897,
              34.06138603716725
            ]
          ]
        ]
      },
      "properties": {
        "id": "far_pa_15_space_14",
        "parkingAreaId": "far_pa_15",
        "status": "available",
        "sumoX": 1521.65,
        "sumoY": 1213.39,
        "width": 2.0,
        "length": 4.0,
        "angle": 190.0
      }
    },
    {
      "type": "Feature",
      "geometry": {
        "type": "Polygon",
        "coordinates": [
          [
            [
              -117.81793917265243,
              34.061409367082014
            ],
            [
              -117.81795947712764,
              34.06140306294869
            ],
            [
              -117.81794432787312,
              34.06136926535294
            ],
            [
              -117.81792402340474,
              34.06137556948369
            ],
            [
              -117.81793917265243,
              34.061409367082014
            ]
          ]
        ]
      },
      "properties": {
        "id": "far_pa_15_space_15",
        "parkingAreaId": "far_pa_15",
        "status": "available",
        "sumoX": 1528.15,
        "sumoY": 1215.85,
        "width": 2.0,
        "length": 4.0,
        "angle": 200.0
      }
    },
    {
      "type": "Feature",
      "geometry": {
        "type": "Polygon",
        "coordinates": [
          [
            [
              -117.81791691860253,
              34.06141645941229
            ],
            [
              -117.81793722308115,
              34.06141015528261
            ],
            [
              -117.81792207383405,
              34.06137635768404
            ],
            [
              -117.81790176936231,
              34.061382661811166
            ],
            [
              -117.81791691860253,
              34.06141645941229
            ]
          ]
        ]
      },
      "properties": {
        "id": "far_pa_15_space_16",
        "parkingAreaId": "far_pa_15",
        "status": "available",
        "sumoX": 1530.21,
        "sumoY": 1216.62,
        "width": 2.0,
        "length": 4.0,
        "angle": 200.0
      }
    },
    {
      "type": "Feature",
      "geometry": {
        "type": "Polygon",
        "coordinates": [
          [
            [
              -117.81789443224794,
              34.061421929957206
            ],
            [
              -117.81791473672959,
              34.06141562583119
            ],
            [
              -117.81789958749037,
              34.06138182822977
            ],
            [
              -117.81787928301556,
              34.061388132353215
            ],
            [
              -117.81789443224794,
              34.061421929957206
            ]
          ]
        ]
      },
      "properties": {
        "id": "far_pa_15_space_17",
        "parkingAreaId": "far_pa_15",
        "status": "available",
        "sumoX": 1532.29,
        "sumoY": 1217.21,
        "width": 2.0,
        "length": 4.0,
        "angle": 200.0
      }
    },
    {
      "type": "Feature",
      "geometry": {
        "type": "Polygon",
        "coordinates": [
          [
            [
              -117.81787142058454,
              34.061429117505725
            ],
            [
              -117.81789172506969,
              34.06142281338347
            ],
            [
              -117.8178765758382,
              34.061389015779156
            ],
            [
              -117.81785627135989,
              34.061395319898836
            ],
            [
              -117.81787142058454,
              34.061429117505725
            ]
          ]
        ]
      },
      "properties": {
        "id": "far_pa_15_space_18",
        "parkingAreaId": "far_pa_15",
        "status": "available",
        "sumoX": 1534.42,
        "sumoY": 1217.99,
        "width": 2.0,
        "length": 4.0,
        "angle": 200.0
      }
    },
    {
      "type": "Feature",
      "geometry": {
        "type": "Polygon",
        "coordinates": [
          [
            [
              -117.81784852420093,
              34.06143702576167
            ],
            [
              -117.8178688286897,
              34.06143072164314
            ],
            [
              -117.81785367946577,
              34.06139692403591
            ],
            [
              -117.81783337498382,
              34.06140322815186
            ],
            [
              -117.81784852420093,
              34.06143702576167
            ]
          ]
        ]
      },
      "properties": {
        "id": "far_pa_15_space_19",
        "parkingAreaId": "far_pa_15",
        "status": "available",
        "sumoX": 1536.54,
        "sumoY": 1218.85,
        "width": 2.0,
        "length": 4.0,
        "angle": 200.0
      }
    },
    {
      "type": "Feature",
      "geometry": {
        "type": "Polygon",
        "coordinates": [
          [
            [
              -117.81782648251101,
              34.06144366573834
            ],
            [
              -117.81784678700308,
              34.061437361623426
            ],
            [
              -117.8178316377866,
              34.061403564013396
            ],
            [
              -117.81781133330136,
              34.06140986812575
            ],
            [
              -117.81782648251101,
              34.06144366573834
            ]
          ]
        ]
      },
      "properties": {
        "id": "far_pa_15_space_20",
        "parkingAreaId": "far_pa_15",
        "status": "available",
        "sumoX": 1538.58,
        "sumoY": 1219.57,
        "width": 2.0,
        "length": 4.0,
        "angle": 200.0
      }
    },
    {
      "type": "Feature",
      "geometry": {
        "type": "Polygon",
        "coordinates": [
          [
            [
              -117.81780368840856,
              34.06145094201144
            ],
            [
              -117.81782399290412,
              34.061444637900244
            ],
            [
              -117.81780884369526,
              34.06141084028735
            ],
            [
              -117.81778853920656,
              34.061417144395975
            ],
            [
              -117.81780368840856,
              34.06145094201144
            ]
          ]
        ]
      },
      "properties": {
        "id": "far_pa_15_space_21",
        "parkingAreaId": "far_pa_15",
        "status": "available",
        "sumoX": 1540.69,
        "sumoY": 1220.36,
        "width": 2.0,
        "length": 4.0,
        "angle": 200.0
      }
    },
    {
      "type": "Feature",
      "geometry": {
        "type": "Polygon",
        "coordinates": [
          [
            [
              -117.81778121676325,
              34.06145794558027
            ],
            [
              -117.81780152126221,
              34.06145164147276
            ],
            [
              -117.81778637206092,
              34.061417843857
            ],
            [
              -117.81776606756881,
              34.061424147961965
            ],
            [
              -117.81778121676325,
              34.06145794558027
            ]
          ]
        ]
      },
      "properties": {
        "id": "far_pa_15_space_22",
        "parkingAreaId": "far_pa_15",
        "status": "available",
        "sumoX": 1542.77,
        "sumoY": 1221.12,
        "width": 2.0,
        "length": 4.0,
        "angle": 200.0
      }
    },
    {
      "type": "Feature",
      "geometry": {
        "type": "Polygon",
        "coordinates": [
          [
            [
              -117.8177591819922,
              34.061465306977695
            ],
            [
              -117.81777948649462,
              34.06145900287377
            ],
            [
              -117.81776433730063,
              34.06142520525524
            ],
            [
              -117.81774403280507,
              34.061431509356595
            ],
            [
              -117.8177591819922,
              34.061465306977695
            ]
          ]
        ]
      },
      "properties": {
        "id": "far_pa_15_space_23",
        "parkingAreaId": "far_pa_15",
        "status": "available",
        "sumoX": 1544.81,
        "sumoY": 1221.92,
        "width": 2.0,
        "length": 4.0,
        "angle": 200.0
      }
    },
    {
      "type": "Feature",
      "geometry": {
        "type": "Polygon",
        "coordinates": [
          [
            [
              -117.81773746707997,
              34.06147212513397
            ],
            [
              -117.81775777158568,
              34.06146582103359
            ],
            [
              -117.81774262239901,
              34.061432023412316
            ],
            [
              -117.81772231790013,
              34.06143832751013
            ],
            [
              -117.81773746707997,
              34.06147212513397
            ]
          ]
        ]
      },
      "properties": {
        "id": "far_pa_15_space_24",
        "parkingAreaId": "far_pa_15",
        "status": "available",
        "sumoX": 1546.82,
        "sumoY": 1222.66,
        "width": 2.0,
        "length": 4.0,
        "angle": 200.0
      }
    },
    {
      "type": "Feature",
      "geometry": {
        "type": "Polygon",
        "coordinates": [
          [
            [
              -117.81771402457451,
              34.061479586074235
            ],
            [
              -117.81773432908379,
              34.0614732819777
            ],
            [
              -117.81771917990498,
              34.06143948435346
            ],
            [
              -117.81769887540251,
              34.061445788447436
            ],
            [
              -117.81771402457451,
              34.061479586074235
            ]
          ]
        ]
      },
      "properties": {
        "id": "far_pa_15_space_25",
        "parkingAreaId": "far_pa_15",
        "status": "available",
        "sumoX": 1548.99,
        "sumoY": 1223.47,
        "width": 2.0,
        "length": 4.0,
        "angle": 200.0
      }
    },
    {
      "type": "Feature",
      "geometry": {
        "type": "Polygon",
        "coordinates": [
          [
            [
              -117.81769025613877,
              34.06148695899359
            ],
            [
              -117.81771056065166,
              34.06148065490093
            ],
            [
              -117.81769541148084,
              34.06144685727369
            ],
            [
              -117.81767510697479,
              34.06145316136377
            ],
            [
              -117.81769025613877,
              34.06148695899359
            ]
          ]
        ]
      },
      "properties": {
        "id": "far_pa_15_space_26",
        "parkingAreaId": "far_pa_15",
        "status": "available",
        "sumoX": 1551.19,
        "sumoY": 1224.27,
        "width": 2.0,
        "length": 4.0,
        "angle": 200.0
      }
    },
    {
      "type": "Feature",
      "geometry": {
        "type": "Polygon",
        "coordinates": [
          [
            [
              -117.8176674594143,
              34.06149396470447
            ],
            [
              -117.81768776393059,
              34.061487660615526
            ],
            [
              -117.81767261476746,
              34.061453862985395
            ],
            [
              -117.817652310258,
              34.06146016707176
            ],
            [
              -117.8176674594143,
              34.06149396470447
            ]
          ]
        ]
      },
      "properties": {
        "id": "far_pa_15_space_27",
        "parkingAreaId": "far_pa_15",
        "status": "available",
        "sumoX": 1553.3,
        "sumoY": 1225.03,
        "width": 2.0,
        "length": 4.0,
        "angle": 200.0
      }
    },
    {
      "type": "Feature",
      "geometry": {
        "type": "Polygon",
        "coordinates": [
          [
            [
              -117.81764444944368,
              34.061501332569144
            ],
            [
              -117.81766475396351,
              34.06149502848396
            ],
            [
              -117.81764960480808,
              34.06146123085091
            ],
            [
              -117.81762930029508,
              34.061467534933534
            ],
            [
              -117.81764444944368,
              34.061501332569144
            ]
          ]
        ]
      },
      "properties": {
        "id": "far_pa_15_space_28",
        "parkingAreaId": "far_pa_15",
        "status": "available",
        "sumoX": 1555.43,
        "sumoY": 1225.83,
        "width": 2.0,
        "length": 4.0,
        "angle": 200.0
      }
    },
    {
      "type": "Feature",
      "geometry": {
        "type": "Polygon",
        "coordinates": [
          [
            [
              -117.8176221988085,
              34.06150878556302
            ],
            [
              -117.81764250333183,
              34.061502481481476
            ],
            [
              -117.8176273541838,
              34.06146868384561
            ],
            [
              -117.81760704966729,
              34.0614749879246
            ],
            [
              -117.8176221988085,
              34.06150878556302
            ]
          ]
        ]
      },
      "properties": {
        "id": "far_pa_15_space_29",
        "parkingAreaId": "far_pa_15",
        "status": "available",
        "sumoX": 1557.49,
        "sumoY": 1226.64,
        "width": 2.0,
        "length": 4.0,
        "angle": 200.0
      }
    },
    {
      "type": "Feature",
      "geometry": {
        "type": "Polygon",
        "coordinates": [
          [
            [
              -117.81759875541638,
              34.06151615630247
            ],
            [
              -117.81761905994328,
              34.061509852224745
            ],
            [
              -117.81760391080311,
              34.06147605458592
            ],
            [
              -117.81758360628307,
              34.06148235866107
            ],
            [
              -117.81759875541638,
              34.06151615630247
            ]
          ]
        ]
      },
      "properties": {
        "id": "far_pa_15_space_30",
        "parkingAreaId": "far_pa_15",
        "status": "available",
        "sumoX": 1559.66,
        "sumoY": 1227.44,
        "width": 2.0,
        "length": 4.0,
        "angle": 200.0
      }
    },
    {
      "type": "Feature",
      "geometry": {
        "type": "Polygon",
        "coordinates": [
          [
            [
              -117.81757630112628,
              34.061530405810664
            ],
            [
              -117.81759279048997,
              34.06151870218189
            ],
            [
              -117.81756466585007,
              34.06149125502593
            ],
            [
              -117.81754817648768,
              34.06150295865096
            ],
            [
              -117.81757630112628,
              34.061530405810664
            ]
          ]
        ]
      },
      "properties": {
        "id": "far_pa_15_space_31",
        "parkingAreaId": "far_pa_15",
        "status": "available",
        "sumoX": 1562.52,
        "sumoY": 1229.05,
        "width": 2.0,
        "length": 4.0,
        "angle": 220.0
      }
    },
    {
      "type": "Feature",
      "geometry": {
        "type": "Polygon",
        "coordinates": [
          [
            [
              -117.81755767809928,
              34.06154324575302
            ],
            [
              -117.81757416746804,
              34.0615315421267
            ],
            [
              -117.81754604282975,
              34.06150409496652
            ],
            [
              -117.81752955346226,
              34.0615157985891
            ],
            [
              -117.81755767809928,
              34.06154324575302
            ]
          ]
        ]
      },
      "properties": {
        "id": "far_pa_15_space_32",
        "parkingAreaId": "far_pa_15",
        "status": "available",
        "sumoX": 1564.25,
        "sumoY": 1230.46,
        "width": 2.0,
        "length": 4.0,
        "angle": 220.0
      }
    },
    {
      "type": "Feature",
      "geometry": {
        "type": "Polygon",
        "coordinates": [
          [
            [
              -117.81753906199452,
              34.06155680712534
            ],
            [
              -117.81755555136849,
              34.061545103501466
            ],
            [
              -117.81752742673153,
              34.061517656337045
            ],
            [
              -117.81751093735885,
              34.06152935995718
            ],
            [
              -117.81753906199452,
              34.06155680712534
            ]
          ]
        ]
      },
      "properties": {
        "id": "far_pa_15_space_33",
        "parkingAreaId": "far_pa_15",
        "status": "available",
        "sumoX": 1565.98,
        "sumoY": 1231.95,
        "width": 2.0,
        "length": 4.0,
        "angle": 220.0
      }
    },
    {
      "type": "Feature",
      "geometry": {
        "type": "Polygon",
        "coordinates": [
          [
            [
              -117.81752000900627,
              34.0615700106614
            ],
            [
              -117.81753649838544,
              34.06155830704002
            ],
            [
              -117.81750837375007,
              34.06153085987129
            ],
            [
              -117.81749188437222,
              34.06154256348892
            ],
            [
              -117.81752000900627,
              34.0615700106614
            ]
          ]
        ]
      },
      "properties": {
        "id": "far_pa_15_space_34",
        "parkingAreaId": "far_pa_15",
        "status": "available",
        "sumoX": 1567.75,
        "sumoY": 1233.4,
        "width": 2.0,
        "length": 4.0,
        "angle": 220.0
      }
    },
    {
      "type": "Feature",
      "geometry": {
        "type": "Polygon",
        "coordinates": [
          [
            [
              -117.81750084419487,
              34.06158285419889
            ],
            [
              -117.81751733357918,
              34.06157115058004
            ],
            [
              -117.81748920894557,
              34.06154370340695
            ],
            [
              -117.81747271956253,
              34.061555407022055
            ],
            [
              -117.81750084419487,
              34.06158285419889
            ]
          ]
        ]
      },
      "properties": {
        "id": "far_pa_15_space_35",
        "parkingAreaId": "far_pa_15",
        "status": "available",
        "sumoX": 1569.53,
        "sumoY": 1234.81,
        "width": 2.0,
        "length": 4.0,
        "angle": 220.0
      }
    },
    {
      "type": "Feature",
      "geometry": {
        "type": "Polygon",
        "coordinates": [
          [
            [
              -117.81748222460865,
              34.0615960548464
            ],
            [
              -117.81749871399806,
              34.06158435123
            ],
            [
              -117.81747058936594,
              34.06155690405268
            ],
            [
              -117.8174540999778,
              34.06156860766534
            ],
            [
              -117.81748222460865,
              34.0615960548464
            ]
          ]
        ]
      },
      "properties": {
        "id": "far_pa_15_space_36",
        "parkingAreaId": "far_pa_15",
        "status": "available",
        "sumoX": 1571.26,
        "sumoY": 1236.26,
        "width": 2.0,
        "length": 4.0,
        "angle": 220.0
      }
    },
    {
      "type": "Feature",
      "geometry": {
        "type": "Polygon",
        "coordinates": [
          [
            [
              -117.817463601553,
              34.0616088947748
            ],
            [
              -117.81748009094751,
              34.06159719116084
            ],
            [
              -117.81745196631694,
              34.06156974397929
            ],
            [
              -117.81743547692375,
              34.0615814475895
            ],
            [
              -117.817463601553,
              34.0616088947748
            ]
          ]
        ]
      },
      "properties": {
        "id": "far_pa_15_space_37",
        "parkingAreaId": "far_pa_15",
        "status": "available",
        "sumoX": 1572.99,
        "sumoY": 1237.67,
        "width": 2.0,
        "length": 4.0,
        "angle": 220.0
      }
    },
    {
      "type": "Feature",
      "geometry": {
        "type": "Polygon",
        "coordinates": [
          [
            [
              -117.81744541536926,
              34.06162209253417
            ],
            [
              -117.81746190476883,
              34.061610388922624
            ],
            [
              -117.81743378013961,
              34.06158294173693
            ],
            [
              -117.81741729074132,
              34.06159464534477
            ],
            [
              -117.81744541536926,
              34.06162209253417
            ]
          ]
        ]
      },
      "properties": {
        "id": "far_pa_15_space_38",
        "parkingAreaId": "far_pa_15",
        "status": "available",
        "sumoX": 1574.68,
        "sumoY": 1239.12,
        "width": 2.0,
        "length": 4.0,
        "angle": 220.0
      }
    },
    {
      "type": "Feature",
      "geometry": {
        "type": "Polygon",
        "coordinates": [
          [
            [
              -117.81742592893774,
              34.06163529893854
            ],
            [
              -117.81744241834257,
              34.06162359532954
            ],
            [
              -117.81741429371507,
              34.06159614813944
            ],
            [
              -117.81739780431153,
              34.06160785174469
            ],
            [
              -117.81742592893774,
              34.06163529893854
            ]
          ]
        ]
      },
      "properties": {
        "id": "far_pa_15_space_39",
        "parkingAreaId": "far_pa_15",
        "status": "available",
        "sumoX": 1576.49,
        "sumoY": 1240.57,
        "width": 2.0,
        "length": 4.0,
        "angle": 220.0
      }
    },
    {
      "type": "Feature",
      "geometry": {
        "type": "Polygon",
        "coordinates": [
          [
            [
              -117.81740730932836,
              34.06164849957492
            ],
            [
              -117.8174237987383,
              34.061636795968376
            ],
            [
              -117.81739567411229,
              34.06160934877405
            ],
            [
              -117.81737918470363,
              34.06162105237684
            ],
            [
              -117.81740730932836,
              34.06164849957492
            ]
          ]
        ]
      },
      "properties": {
        "id": "far_pa_15_space_40",
        "parkingAreaId": "far_pa_15",
        "status": "available",
        "sumoX": 1578.22,
        "sumoY": 1242.02,
        "width": 2.0,
        "length": 4.0,
        "angle": 220.0
      }
    },
    {
      "type": "Feature",
      "geometry": {
        "type": "Polygon",
        "coordinates": [
          [
            [
              -117.81738868624988,
              34.06166133949219
            ],
            [
              -117.8174051756649,
              34.061649635888095
            ],
            [
              -117.81737705104045,
              34.061622188689526
            ],
            [
              -117.81736056162671,
              34.06163389228988
            ],
            [
              -117.81738868624988,
              34.06166133949219
            ]
          ]
        ]
      },
      "properties": {
        "id": "far_pa_15_space_41",
        "parkingAreaId": "far_pa_15",
        "status": "available",
        "sumoX": 1579.95,
        "sumoY": 1243.43,
        "width": 2.0,
        "length": 4.0,
        "angle": 220.0
      }
    },
    {
      "type": "Feature",
      "geometry": {
        "type": "Polygon",
        "coordinates": [
          [
            [
              -117.81736952486119,
              34.06167454372598
            ],
            [
              -117.81738601428142,
              34.061662840124406
            ],
            [
              -117.81735788965861,
              34.06163539292148
            ],
            [
              -117.81734140023967,
              34.06164709651931
            ],
            [
              -117.81736952486119,
              34.06167454372598
            ]
          ]
        ]
      },
      "properties": {
        "id": "far_pa_15_space_42",
        "parkingAreaId": "far_pa_15",
        "status": "available",
        "sumoX": 1581.73,
        "sumoY": 1244.88,
        "width": 2.0,
        "length": 4.0,
        "angle": 220.0
      }
    },
    {
      "type": "Feature",
      "geometry": {
        "type": "Polygon",
        "coordinates": [
          [
            [
              -117.81735046835696,
              34.0616873865199
            ],
            [
              -117.8173669577823,
              34.06167568292083
            ],
            [
              -117.81733883316122,
              34.06164823571359
            ],
            [
              -117.81732234373715,
              34.06165993930891
            ],
            [
              -117.81735046835696,
              34.0616873865199
            ]
          ]
        ]
      },
      "properties": {
        "id": "far_pa_15_space_43",
        "parkingAreaId": "far_pa_15",
        "status": "available",
        "sumoX": 1583.5,
        "sumoY": 1246.29,
        "width": 2.0,
        "length": 4.0,
        "angle": 220.0
      }
    },
    {
      "type": "Feature",
      "geometry": {
        "type": "Polygon",
        "coordinates": [
          [
            [
              -117.81733388693043,
              34.061701172813805
            ],
            [
              -117.817349088002,
              34.06168831766175
            ],
            [
              -117.81731819610843,
              34.06166301496622
            ],
            [
              -117.81730299503656,
              34.06167587011451
            ],
            [
              -117.81733388693043,
              34.061701172813805
            ]
          ]
        ]
      },
      "properties": {
        "id": "far_pa_15_space_44",
        "parkingAreaId": "far_pa_15",
        "status": "available",
        "sumoX": 1585.23,
        "sumoY": 1247.86,
        "width": 2.0,
        "length": 4.0,
        "angle": 225.0
      }
    },
    {
      "type": "Feature",
      "geometry": {
        "type": "Polygon",
        "coordinates": [
          [
            [
              -117.81731484772989,
              34.06171581918416
            ],
            [
              -117.817330048807,
              34.0617029640344
            ],
            [
              -117.81729915691353,
              34.06167766133413
            ],
            [
              -117.81728395583616,
              34.06169051648012
            ],
            [
              -117.81731484772989,
              34.06171581918416
            ]
          ]
        ]
      },
      "properties": {
        "id": "far_pa_15_space_45",
        "parkingAreaId": "far_pa_15",
        "status": "available",
        "sumoX": 1587.0,
        "sumoY": 1249.47,
        "width": 2.0,
        "length": 4.0,
        "angle": 225.0
      }
    },
    {
      "type": "Feature",
      "geometry": {
        "type": "Polygon",
        "coordinates": [
          [
            [
              -117.81729918133732,
              34.06173188608086
            ],
            [
              -117.81731438241961,
              34.061719030933006
            ],
            [
              -117.81728349052483,
              34.06169372822888
            ],
            [
              -117.81726828944221,
              34.061706583372974
            ],
            [
              -117.81729918133732,
              34.06173188608086
            ]
          ]
        ]
      },
      "properties": {
        "id": "far_pa_15_space_46",
        "parkingAreaId": "far_pa_15",
        "status": "available",
        "sumoX": 1588.46,
        "sumoY": 1251.24,
        "width": 2.0,
        "length": 4.0,
        "angle": 225.0
      }
    },
    {
      "type": "Feature",
      "geometry": {
        "type": "Polygon",
        "coordinates": [
          [
            [
              -117.81728296105047,
              34.06174669407089
            ],
            [
              -117.81729816213783,
              34.06173383892499
            ],
            [
              -117.81726727024233,
              34.06170853621687
            ],
            [
              -117.81725206915462,
              34.06172139135899
            ],
            [
              -117.81728296105047,
              34.06174669407089
            ]
          ]
        ]
      },
      "properties": {
        "id": "far_pa_15_space_47",
        "parkingAreaId": "far_pa_15",
        "status": "available",
        "sumoX": 1589.97,
        "sumoY": 1252.87,
        "width": 2.0,
        "length": 4.0,
        "angle": 225.0
      }
    },
    {
      "type": "Feature",
      "geometry": {
        "type": "Polygon",
        "coordinates": [
          [
            [
              -117.8172655454047,
              34.06176114926791
            ],
            [
              -117.8172807464973,
              34.06174829412412
            ],
            [
              -117.81724985460154,
              34.06172299141167
            ],
            [
              -117.81723465350862,
              34.061735846551684
            ],
            [
              -117.8172655454047,
              34.06176114926791
            ]
          ]
        ]
      },
      "properties": {
        "id": "far_pa_15_space_48",
        "parkingAreaId": "far_pa_15",
        "status": "available",
        "sumoX": 1591.59,
        "sumoY": 1254.46,
        "width": 2.0,
        "length": 4.0,
        "angle": 225.0
      }
    },
    {
      "type": "Feature",
      "geometry": {
        "type": "Polygon",
        "coordinates": [
          [
            [
              -117.81831156604954,
              34.061513650346306
            ],
            [
              -117.81833313914272,
              34.06151193468613
            ],
            [
              -117.81832901628788,
              34.061476025471556
            ],
            [
              -117.81830744320368,
              34.06147774113089
            ],
            [
              -117.81831156604954,
              34.061513650346306
            ]
          ]
        ]
      },
      "properties": {
        "id": "far_pa_2_space_0",
        "parkingAreaId": "far_pa_2",
        "status": "available",
        "sumoX": 1493.31,
        "sumoY": 1227.83,
        "width": 2.0,
        "length": 4.0,
        "angle": 185.0
      }
    },
    {
      "type": "Feature",
      "geometry": {
        "type": "Polygon",
        "coordinates": [
          [
            [
              -117.81828764249921,
              34.06151615443205
            ],
            [
              -117.8183092155936,
              34.06151443877606
            ],
            [
              -117.81830509274867,
              34.06147852956055
            ],
            [
              -117.81828351966328,
              34.061480245215705
            ],
            [
              -117.81828764249921,
              34.06151615443205
            ]
          ]
        ]
      },
      "properties": {
        "id": "far_pa_2_space_1",
        "parkingAreaId": "far_pa_2",
        "status": "available",
        "sumoX": 1495.52,
        "sumoY": 1228.09,
        "width": 2.0,
        "length": 4.0,
        "angle": 185.0
      }
    },
    {
      "type": "Feature",
      "geometry": {
        "type": "Polygon",
        "coordinates": [
          [
            [
              -117.81800593587681,
              34.06154906338473
            ],
            [
              -117.81802682329,
              34.0615442560561
            ],
            [
              -117.81801527093691,
              34.061509488195476
            ],
            [
              -117.81799438353151,
              34.06151429552206
            ],
            [
              -117.81800593587681,
              34.06154906338473
            ]
          ]
        ]
      },
      "properties": {
        "id": "far_pa_2_space_2",
        "parkingAreaId": "far_pa_2",
        "status": "available",
        "sumoX": 1521.92,
        "sumoY": 1231.42,
        "width": 2.0,
        "length": 4.0,
        "angle": 195.0
      }
    },
    {
      "type": "Feature",
      "geometry": {
        "type": "Polygon",
        "coordinates": [
          [
            [
              -117.81826393565404,
              34.06151865707041
            ],
            [
              -117.81828550874965,
              34.06151694141857
            ],
            [
              -117.81828138591459,
              34.06148103220214
            ],
            [
              -117.81825981282796,
              34.06148274785313
            ],
            [
              -117.81826393565404,
              34.06151865707041
            ]
          ]
        ]
      },
      "properties": {
        "id": "far_pa_2_space_3",
        "parkingAreaId": "far_pa_2",
        "status": "available",
        "sumoX": 1497.71,
        "sumoY": 1228.35,
        "width": 2.0,
        "length": 4.0,
        "angle": 185.0
      }
    },
    {
      "type": "Feature",
      "geometry": {
        "type": "Polygon",
        "coordinates": [
          [
            [
              -117.81821511249909,
              34.06152358153169
            ],
            [
              -117.81823668559709,
              34.061521865888366
            ],
            [
              -117.81823256278228,
              34.06148595667004
            ],
            [
              -117.81821098969324,
              34.0614876723125
            ],
            [
              -117.81821511249909,
              34.06152358153169
            ]
          ]
        ]
      },
      "properties": {
        "id": "far_pa_2_space_4",
        "parkingAreaId": "far_pa_2",
        "status": "available",
        "sumoX": 1502.22,
        "sumoY": 1228.86,
        "width": 2.0,
        "length": 4.0,
        "angle": 185.0
      }
    },
    {
      "type": "Feature",
      "geometry": {
        "type": "Polygon",
        "coordinates": [
          [
            [
              -117.81819129729608,
              34.06152608487742
            ],
            [
              -117.8182128703953,
              34.06152436923828
            ],
            [
              -117.81820874759039,
              34.061488460019014
            ],
            [
              -117.81818717450015,
              34.061490175657305
            ],
            [
              -117.81819129729608,
              34.06152608487742
            ]
          ]
        ]
      },
      "properties": {
        "id": "far_pa_2_space_5",
        "parkingAreaId": "far_pa_2",
        "status": "available",
        "sumoX": 1504.42,
        "sumoY": 1229.12,
        "width": 2.0,
        "length": 4.0,
        "angle": 185.0
      }
    },
    {
      "type": "Feature",
      "geometry": {
        "type": "Polygon",
        "coordinates": [
          [
            [
              -117.81816846073839,
              34.06152894244328
            ],
            [
              -117.81819003383887,
              34.06152722680814
            ],
            [
              -117.8181859110434,
              34.06149131758798
            ],
            [
              -117.81816433795191,
              34.06149303322229
            ],
            [
              -117.81816846073839,
              34.06152894244328
            ]
          ]
        ]
      },
      "properties": {
        "id": "far_pa_2_space_6",
        "parkingAreaId": "far_pa_2",
        "status": "available",
        "sumoX": 1506.53,
        "sumoY": 1229.42,
        "width": 2.0,
        "length": 4.0,
        "angle": 185.0
      }
    },
    {
      "type": "Feature",
      "geometry": {
        "type": "Polygon",
        "coordinates": [
          [
            [
              -117.81812018020463,
              34.061533953439636
            ],
            [
              -117.81814175330751,
              34.061532237812926
            ],
            [
              -117.8181376305321,
              34.061496328590906
            ],
            [
              -117.81811605743817,
              34.06149804421676
            ],
            [
              -117.81812018020463,
              34.061533953439636
            ]
          ]
        ]
      },
      "properties": {
        "id": "far_pa_2_space_7",
        "parkingAreaId": "far_pa_2",
        "status": "available",
        "sumoX": 1510.99,
        "sumoY": 1229.94,
        "width": 2.0,
        "length": 4.0,
        "angle": 185.0
      }
    },
    {
      "type": "Feature",
      "geometry": {
        "type": "Polygon",
        "coordinates": [
          [
            [
              -117.81809777012303,
              34.06153608667485
            ],
            [
              -117.81811934322701,
              34.061534371052055
            ],
            [
              -117.81811522046088,
              34.061498461829146
            ],
            [
              -117.8180936473659,
              34.06150017745109
            ],
            [
              -117.81809777012303,
              34.06153608667485
            ]
          ]
        ]
      },
      "properties": {
        "id": "far_pa_2_space_8",
        "parkingAreaId": "far_pa_2",
        "status": "available",
        "sumoX": 1513.06,
        "sumoY": 1230.16,
        "width": 2.0,
        "length": 4.0,
        "angle": 185.0
      }
    },
    {
      "type": "Feature",
      "geometry": {
        "type": "Polygon",
        "coordinates": [
          [
            [
              -117.81807438052712,
              34.061537775501435
            ],
            [
              -117.81809595363207,
              34.06153605988275
            ],
            [
              -117.81809183087572,
              34.06150015065891
            ],
            [
              -117.81807025777977,
              34.06150186627676
            ],
            [
              -117.81807438052712,
              34.061537775501435
            ]
          ]
        ]
      },
      "properties": {
        "id": "far_pa_2_space_9",
        "parkingAreaId": "far_pa_2",
        "status": "available",
        "sumoX": 1515.22,
        "sumoY": 1230.33,
        "width": 2.0,
        "length": 4.0,
        "angle": 185.0
      }
    },
    {
      "type": "Feature",
      "geometry": {
        "type": "Polygon",
        "coordinates": [
          [
            [
              -117.8180276169293,
              34.0615427763647
            ],
            [
              -117.81804919003663,
              34.06154106075419
            ],
            [
              -117.8180450672997,
              34.061505151528536
            ],
            [
              -117.81802349420134,
              34.061506867138206
            ],
            [
              -117.8180276169293,
              34.0615427763647
            ]
          ]
        ]
      },
      "properties": {
        "id": "far_pa_2_space_10",
        "parkingAreaId": "far_pa_2",
        "status": "available",
        "sumoX": 1519.54,
        "sumoY": 1230.85,
        "width": 2.0,
        "length": 4.0,
        "angle": 185.0
      }
    },
    {
      "type": "Feature",
      "geometry": {
        "type": "Polygon",
        "coordinates": [
          [
            [
              -117.81805099526284,
              34.06153991521898
            ],
            [
              -117.81807256836889,
              34.06153819960438
            ],
            [
              -117.81806844562227,
              34.06150229037962
            ],
            [
              -117.81804687252519,
              34.06150400599338
            ],
            [
              -117.81805099526284,
              34.06153991521898
            ]
          ]
        ]
      },
      "properties": {
        "id": "far_pa_2_space_11",
        "parkingAreaId": "far_pa_2",
        "status": "available",
        "sumoX": 1517.38,
        "sumoY": 1230.55,
        "width": 2.0,
        "length": 4.0,
        "angle": 185.0
      }
    },
    {
      "type": "Feature",
      "geometry": {
        "type": "Polygon",
        "coordinates": [
          [
            [
              -117.81814453371248,
              34.061531085785
            ],
            [
              -117.81816610681408,
              34.06152937015403
            ],
            [
              -117.81816198402856,
              34.06149346093294
            ],
            [
              -117.81814041093595,
              34.06149517656306
            ],
            [
              -117.81814453371248,
              34.061531085785
            ]
          ]
        ]
      },
      "properties": {
        "id": "far_pa_2_space_12",
        "parkingAreaId": "far_pa_2",
        "status": "available",
        "sumoX": 1508.74,
        "sumoY": 1229.64,
        "width": 2.0,
        "length": 4.0,
        "angle": 185.0
      }
    },
    {
      "type": "Feature",
      "geometry": {
        "type": "Polygon",
        "coordinates": [
          [
            [
              -117.81823903952082,
              34.06152143817629
            ],
            [
              -117.81826061261772,
              34.06151972252879
            ],
            [
              -117.81825648979296,
              34.061483813311405
            ],
            [
              -117.81823491670505,
              34.061485528958045
            ],
            [
              -117.81823903952082,
              34.06152143817629
            ]
          ]
        ]
      },
      "properties": {
        "id": "far_pa_2_space_13",
        "parkingAreaId": "far_pa_2",
        "status": "available",
        "sumoX": 1500.01,
        "sumoY": 1228.64,
        "width": 2.0,
        "length": 4.0,
        "angle": 185.0
      }
    },
    {
      "type": "Feature",
      "geometry": {
        "type": "Polygon",
        "coordinates": [
          [
            [
              -117.81798269015323,
              34.06155444881502
            ],
            [
              -117.81800357756913,
              34.06154964149031
            ],
            [
              -117.8179920252247,
              34.06151487362742
            ],
            [
              -117.81797113781661,
              34.06151968095008
            ],
            [
              -117.81798269015323,
              34.06155444881502
            ]
          ]
        ]
      },
      "properties": {
        "id": "far_pa_2_space_14",
        "parkingAreaId": "far_pa_2",
        "status": "available",
        "sumoX": 1524.07,
        "sumoY": 1232.0,
        "width": 2.0,
        "length": 4.0,
        "angle": 195.0
      }
    },
    {
      "type": "Feature",
      "geometry": {
        "type": "Polygon",
        "coordinates": [
          [
            [
              -117.8179593412718,
              34.06156037603654
            ],
            [
              -117.81798022869053,
              34.06155556871575
            ],
            [
              -117.81796867635478,
              34.06152080085056
            ],
            [
              -117.81794778894381,
              34.061525608169305
            ],
            [
              -117.8179593412718,
              34.06156037603654
            ]
          ]
        ]
      },
      "properties": {
        "id": "far_pa_2_space_15",
        "parkingAreaId": "far_pa_2",
        "status": "available",
        "sumoX": 1526.23,
        "sumoY": 1232.64,
        "width": 2.0,
        "length": 4.0,
        "angle": 195.0
      }
    },
    {
      "type": "Feature",
      "geometry": {
        "type": "Polygon",
        "coordinates": [
          [
            [
              -117.81793655061583,
              34.06156801305077
            ],
            [
              -117.81795743803781,
              34.0615632057338
            ],
            [
              -117.8179458857102,
              34.061528437866386
            ],
            [
              -117.817924998296,
              34.061533245181295
            ],
            [
              -117.81793655061583,
              34.06156801305077
            ]
          ]
        ]
      },
      "properties": {
        "id": "far_pa_2_space_16",
        "parkingAreaId": "far_pa_2",
        "status": "available",
        "sumoX": 1528.34,
        "sumoY": 1233.47,
        "width": 2.0,
        "length": 4.0,
        "angle": 195.0
      }
    },
    {
      "type": "Feature",
      "geometry": {
        "type": "Polygon",
        "coordinates": [
          [
            [
              -117.81791222394737,
              34.061573676215914
            ],
            [
              -117.8179331113722,
              34.06156886890305
            ],
            [
              -117.81792155905364,
              34.061534101033246
            ],
            [
              -117.81790067163664,
              34.06153890834407
            ],
            [
              -117.81791222394737,
              34.061573676215914
            ]
          ]
        ]
      },
      "properties": {
        "id": "far_pa_2_space_17",
        "parkingAreaId": "far_pa_2",
        "status": "available",
        "sumoX": 1530.59,
        "sumoY": 1234.08,
        "width": 2.0,
        "length": 4.0,
        "angle": 195.0
      }
    },
    {
      "type": "Feature",
      "geometry": {
        "type": "Polygon",
        "coordinates": [
          [
            [
              -117.81788887505552,
              34.06157960342418
            ],
            [
              -117.81790976248321,
              34.06157479611525
            ],
            [
              -117.81789821017327,
              34.06154002824315
            ],
            [
              -117.8178773227534,
              34.06154483555002
            ],
            [
              -117.81788887505552,
              34.06157960342418
            ]
          ]
        ]
      },
      "properties": {
        "id": "far_pa_2_space_18",
        "parkingAreaId": "far_pa_2",
        "status": "available",
        "sumoX": 1532.75,
        "sumoY": 1234.72,
        "width": 2.0,
        "length": 4.0,
        "angle": 195.0
      }
    },
    {
      "type": "Feature",
      "geometry": {
        "type": "Polygon",
        "coordinates": [
          [
            [
              -117.8178641218973,
              34.061585990896695
            ],
            [
              -117.81788500932804,
              34.06158118359195
            ],
            [
              -117.81787345702725,
              34.06154641571742
            ],
            [
              -117.81785256960433,
              34.06155122302013
            ],
            [
              -117.8178641218973,
              34.061585990896695
            ]
          ]
        ]
      },
      "properties": {
        "id": "far_pa_2_space_19",
        "parkingAreaId": "far_pa_2",
        "status": "available",
        "sumoX": 1535.04,
        "sumoY": 1235.41,
        "width": 2.0,
        "length": 4.0,
        "angle": 195.0
      }
    },
    {
      "type": "Feature",
      "geometry": {
        "type": "Polygon",
        "coordinates": [
          [
            [
              -117.8178398064806,
              34.0615928263757
            ],
            [
              -117.81786069391445,
              34.06158801907503
            ],
            [
              -117.81784914162259,
              34.06155325119815
            ],
            [
              -117.81782825419653,
              34.06155805849676
            ],
            [
              -117.8178398064806,
              34.0615928263757
            ]
          ]
        ]
      },
      "properties": {
        "id": "far_pa_2_space_20",
        "parkingAreaId": "far_pa_2",
        "status": "available",
        "sumoX": 1537.29,
        "sumoY": 1236.15,
        "width": 2.0,
        "length": 4.0,
        "angle": 195.0
      }
    },
    {
      "type": "Feature",
      "geometry": {
        "type": "Polygon",
        "coordinates": [
          [
            [
              -117.81781690225365,
              34.0615999230145
            ],
            [
              -117.81783778969063,
              34.061595115717665
            ],
            [
              -117.81782623740703,
              34.061560347838544
            ],
            [
              -117.81780534997785,
              34.061565155133295
            ],
            [
              -117.81781690225365,
              34.0615999230145
            ]
          ]
        ]
      },
      "properties": {
        "id": "far_pa_2_space_21",
        "parkingAreaId": "far_pa_2",
        "status": "available",
        "sumoX": 1539.41,
        "sumoY": 1236.92,
        "width": 2.0,
        "length": 4.0,
        "angle": 195.0
      }
    },
    {
      "type": "Feature",
      "geometry": {
        "type": "Polygon",
        "coordinates": [
          [
            [
              -117.81779313206137,
              34.06160711559579
            ],
            [
              -117.81781401950151,
              34.06160230830298
            ],
            [
              -117.81780246722654,
              34.06156754042152
            ],
            [
              -117.81778157979419,
              34.06157234771229
            ],
            [
              -117.81779313206137,
              34.06160711559579
            ]
          ]
        ]
      },
      "properties": {
        "id": "far_pa_2_space_22",
        "parkingAreaId": "far_pa_2",
        "status": "available",
        "sumoX": 1541.61,
        "sumoY": 1237.7,
        "width": 2.0,
        "length": 4.0,
        "angle": 195.0
      }
    },
    {
      "type": "Feature",
      "geometry": {
        "type": "Polygon",
        "coordinates": [
          [
            [
              -117.81776925351149,
              34.061614308893475
            ],
            [
              -117.81779014095481,
              34.061609501604686
            ],
            [
              -117.81777858868853,
              34.0615747337209
            ],
            [
              -117.81775770125299,
              34.061579541007646
            ],
            [
              -117.81776925351149,
              34.061614308893475
            ]
          ]
        ]
      },
      "properties": {
        "id": "far_pa_2_space_23",
        "parkingAreaId": "far_pa_2",
        "status": "available",
        "sumoX": 1543.82,
        "sumoY": 1238.48,
        "width": 2.0,
        "length": 4.0,
        "angle": 195.0
      }
    },
    {
      "type": "Feature",
      "geometry": {
        "type": "Polygon",
        "coordinates": [
          [
            [
              -117.81775251389644,
              34.06162435151429
            ],
            [
              -117.81777016612254,
              34.06161388848472
            ],
            [
              -117.8177450227009,
              34.06158450573505
            ],
            [
              -117.81772737047764,
              34.061594968761
            ],
            [
              -117.81775251389644,
              34.06162435151429
            ]
          ]
        ]
      },
      "properties": {
        "id": "far_pa_2_space_24",
        "parkingAreaId": "far_pa_2",
        "status": "available",
        "sumoX": 1546.15,
        "sumoY": 1239.56,
        "width": 2.0,
        "length": 4.0,
        "angle": 215.0
      }
    },
    {
      "type": "Feature",
      "geometry": {
        "type": "Polygon",
        "coordinates": [
          [
            [
              -117.81773291742716,
              34.06163737832938
            ],
            [
              -117.81775056965841,
              34.06162691530258
            ],
            [
              -117.8177254262395,
              34.06159753254891
            ],
            [
              -117.8177077740111,
              34.06160799557212
            ],
            [
              -117.81773291742716,
              34.06163737832938
            ]
          ]
        ]
      },
      "properties": {
        "id": "far_pa_2_space_25",
        "parkingAreaId": "far_pa_2",
        "status": "available",
        "sumoX": 1547.97,
        "sumoY": 1240.99,
        "width": 2.0,
        "length": 4.0,
        "angle": 215.0
      }
    },
    {
      "type": "Feature",
      "geometry": {
        "type": "Polygon",
        "coordinates": [
          [
            [
              -117.81771201637875,
              34.06164996289665
            ],
            [
              -117.81772966861521,
              34.06163949987278
            ],
            [
              -117.8177045251996,
              34.06161011711486
            ],
            [
              -117.81768687296601,
              34.061620580135106
            ],
            [
              -117.81771201637875,
              34.06164996289665
            ]
          ]
        ]
      },
      "properties": {
        "id": "far_pa_2_space_26",
        "parkingAreaId": "far_pa_2",
        "status": "available",
        "sumoX": 1549.91,
        "sumoY": 1242.37,
        "width": 2.0,
        "length": 4.0,
        "angle": 215.0
      }
    },
    {
      "type": "Feature",
      "geometry": {
        "type": "Polygon",
        "coordinates": [
          [
            [
              -117.81767247929436,
              34.06167403473382
            ],
            [
              -117.81769013154072,
              34.061663571715535
            ],
            [
              -117.81766498813131,
              34.06163418894955
            ],
            [
              -117.8176473358878,
              34.06164465196422
            ],
            [
              -117.81767247929436,
              34.06167403473382
            ]
          ]
        ]
      },
      "properties": {
        "id": "far_pa_2_space_27",
        "parkingAreaId": "far_pa_2",
        "status": "available",
        "sumoX": 1553.58,
        "sumoY": 1245.01,
        "width": 2.0,
        "length": 4.0,
        "angle": 215.0
      }
    },
    {
      "type": "Feature",
      "geometry": {
        "type": "Polygon",
        "coordinates": [
          [
            [
              -117.81761280651297,
              34.06171140749616
            ],
            [
              -117.8176304587745,
              34.0617009444863
            ],
            [
              -117.81760531537412,
              34.06167156170812
            ],
            [
              -117.81758766311545,
              34.06168202471438
            ],
            [
              -117.81761280651297,
              34.06171140749616
            ]
          ]
        ]
      },
      "properties": {
        "id": "far_pa_2_space_28",
        "parkingAreaId": "far_pa_2",
        "status": "available",
        "sumoX": 1559.12,
        "sumoY": 1249.11,
        "width": 2.0,
        "length": 4.0,
        "angle": 215.0
      }
    },
    {
      "type": "Feature",
      "geometry": {
        "type": "Polygon",
        "coordinates": [
          [
            [
              -117.81757329188841,
              34.06173782395822
            ],
            [
              -117.81759094416032,
              34.06172736095393
            ],
            [
              -117.81756580076542,
              34.0616979781677
            ],
            [
              -117.81754814849636,
              34.0617084411684
            ],
            [
              -117.81757329188841,
              34.06173782395822
            ]
          ]
        ]
      },
      "properties": {
        "id": "far_pa_2_space_29",
        "parkingAreaId": "far_pa_2",
        "status": "available",
        "sumoX": 1562.79,
        "sumoY": 1252.01,
        "width": 2.0,
        "length": 4.0,
        "angle": 215.0
      }
    },
    {
      "type": "Feature",
      "geometry": {
        "type": "Polygon",
        "coordinates": [
          [
            [
              -117.81755325415669,
              34.061750042016506
            ],
            [
              -117.81757090643362,
              34.06173957901504
            ],
            [
              -117.81754576304185,
              34.06171019622473
            ],
            [
              -117.81752811076775,
              34.061720659222594
            ],
            [
              -117.81755325415669,
              34.061750042016506
            ]
          ]
        ]
      },
      "properties": {
        "id": "far_pa_2_space_30",
        "parkingAreaId": "far_pa_2",
        "status": "available",
        "sumoX": 1564.65,
        "sumoY": 1253.35,
        "width": 2.0,
        "length": 4.0,
        "angle": 215.0
      }
    },
    {
      "type": "Feature",
      "geometry": {
        "type": "Polygon",
        "coordinates": [
          [
            [
              -117.81765331881392,
              34.06168732919032
            ],
            [
              -117.81767097106543,
              34.06167686617472
            ],
            [
              -117.81764582765852,
              34.06164748340483
            ],
            [
              -117.81762817540987,
              34.0616579464168
            ],
            [
              -117.81765331881392,
              34.06168732919032
            ]
          ]
        ]
      },
      "properties": {
        "id": "far_pa_2_space_31",
        "parkingAreaId": "far_pa_2",
        "status": "available",
        "sumoX": 1555.36,
        "sumoY": 1246.47,
        "width": 2.0,
        "length": 4.0,
        "angle": 215.0
      }
    },
    {
      "type": "Feature",
      "geometry": {
        "type": "Polygon",
        "coordinates": [
          [
            [
              -117.81769240863737,
              34.06166181737732
            ],
            [
              -117.81771006087872,
              34.06165135435624
            ],
            [
              -117.81768491746621,
              34.0616219715943
            ],
            [
              -117.81766726522771,
              34.06163243461178
            ],
            [
              -117.81769240863737,
              34.06166181737732
            ]
          ]
        ]
      },
      "properties": {
        "id": "far_pa_2_space_32",
        "parkingAreaId": "far_pa_2",
        "status": "available",
        "sumoX": 1551.73,
        "sumoY": 1243.67,
        "width": 2.0,
        "length": 4.0,
        "angle": 215.0
      }
    },
    {
      "type": "Feature",
      "geometry": {
        "type": "Polygon",
        "coordinates": [
          [
            [
              -117.81759234317315,
              34.061724440055656
            ],
            [
              -117.81760999543991,
              34.06171397704869
            ],
            [
              -117.81758485204257,
              34.06168459426634
            ],
            [
              -117.81756719977865,
              34.06169505726971
            ],
            [
              -117.81759234317315,
              34.061724440055656
            ]
          ]
        ]
      },
      "properties": {
        "id": "far_pa_2_space_33",
        "parkingAreaId": "far_pa_2",
        "status": "available",
        "sumoX": 1561.02,
        "sumoY": 1250.54,
        "width": 2.0,
        "length": 4.0,
        "angle": 215.0
      }
    },
    {
      "type": "Feature",
      "geometry": {
        "type": "Polygon",
        "coordinates": [
          [
            [
              -117.81763284769133,
              34.06169955014468
            ],
            [
              -117.81765049994793,
              34.06168908713199
            ],
            [
              -117.8176253565443,
              34.06165970435789
            ],
            [
              -117.81760770429055,
              34.061670167367
            ],
            [
              -117.81763284769133,
              34.06169955014468
            ]
          ]
        ]
      },
      "properties": {
        "id": "far_pa_2_space_34",
        "parkingAreaId": "far_pa_2",
        "status": "available",
        "sumoX": 1557.26,
        "sumoY": 1247.81,
        "width": 2.0,
        "length": 4.0,
        "angle": 215.0
      }
    },
    {
      "type": "Feature",
      "geometry": {
        "type": "Polygon",
        "coordinates": [
          [
            [
              -117.81753278300448,
              34.061762262954524
            ],
            [
              -117.81755043528649,
              34.061751799955935
            ],
            [
              -117.81752529189801,
              34.06172241716144
            ],
            [
              -117.81750763961885,
              34.06173288015642
            ],
            [
              -117.81753278300448,
              34.061762262954524
            ]
          ]
        ]
      },
      "properties": {
        "id": "far_pa_2_space_35",
        "parkingAreaId": "far_pa_2",
        "status": "available",
        "sumoX": 1566.55,
        "sumoY": 1254.69,
        "width": 2.0,
        "length": 4.0,
        "angle": 215.0
      }
    },
    {
      "type": "Feature",
      "geometry": {
        "type": "Polygon",
        "coordinates": [
          [
            [
              -117.81751275218885,
              34.06177520243901
            ],
            [
              -117.81753040447603,
              34.061764739443255
            ],
            [
              -117.81750526109045,
              34.061735356644675
            ],
            [
              -117.81748760880612,
              34.06174581963683
            ],
            [
              -117.81751275218885,
              34.06177520243901
            ]
          ]
        ]
      },
      "properties": {
        "id": "far_pa_2_space_36",
        "parkingAreaId": "far_pa_2",
        "status": "available",
        "sumoX": 1568.41,
        "sumoY": 1256.11,
        "width": 2.0,
        "length": 4.0,
        "angle": 215.0
      }
    },
    {
      "type": "Feature",
      "geometry": {
        "type": "Polygon",
        "coordinates": [
          [
            [
              -117.81749229228198,
              34.061788595698516
            ],
            [
              -117.81750994457451,
              34.06177813270563
            ],
            [
              -117.81748480119185,
              34.0617487499029
            ],
            [
              -117.81746714890218,
              34.06175921289216
            ],
            [
              -117.81749229228198,
              34.061788595698516
            ]
          ]
        ]
      },
      "properties": {
        "id": "far_pa_2_space_37",
        "parkingAreaId": "far_pa_2",
        "status": "available",
        "sumoX": 1570.31,
        "sumoY": 1257.58,
        "width": 2.0,
        "length": 4.0,
        "angle": 215.0
      }
    },
    {
      "type": "Feature",
      "geometry": {
        "type": "Polygon",
        "coordinates": [
          [
            [
              -117.81747182457536,
              34.06180117734291
            ],
            [
              -117.81748947687302,
              34.06179071435291
            ],
            [
              -117.81746433349355,
              34.061761331545995
            ],
            [
              -117.81744668119872,
              34.061771794532376
            ],
            [
              -117.81747182457536,
              34.06180117734291
            ]
          ]
        ]
      },
      "properties": {
        "id": "far_pa_2_space_38",
        "parkingAreaId": "far_pa_2",
        "status": "available",
        "sumoX": 1572.21,
        "sumoY": 1258.96,
        "width": 2.0,
        "length": 4.0,
        "angle": 215.0
      }
    },
    {
      "type": "Feature",
      "geometry": {
        "type": "Polygon",
        "coordinates": [
          [
            [
              -117.81745733688915,
              34.061816870628306
            ],
            [
              -117.81747253796205,
              34.06180401546119
            ],
            [
              -117.81744164598972,
              34.06177871279831
            ],
            [
              -117.81742644491649,
              34.06179156796166
            ],
            [
              -117.81745733688915,
              34.061816870628306
            ]
          ]
        ]
      },
      "properties": {
        "id": "far_pa_2_space_39",
        "parkingAreaId": "far_pa_2",
        "status": "available",
        "sumoX": 1573.94,
        "sumoY": 1260.78,
        "width": 2.0,
        "length": 4.0,
        "angle": 225.0
      }
    },
    {
      "type": "Feature",
      "geometry": {
        "type": "Polygon",
        "coordinates": [
          [
            [
              -117.81744057571144,
              34.061831772421186
            ],
            [
              -117.81745577678953,
              34.06181891725609
            ],
            [
              -117.81742488481659,
              34.061793614589064
            ],
            [
              -117.8174096837382,
              34.061806469750394
            ],
            [
              -117.81744057571144,
              34.061831772421186
            ]
          ]
        ]
      },
      "properties": {
        "id": "far_pa_2_space_40",
        "parkingAreaId": "far_pa_2",
        "status": "available",
        "sumoX": 1575.5,
        "sumoY": 1262.42,
        "width": 2.0,
        "length": 4.0,
        "angle": 225.0
      }
    },
    {
      "type": "Feature",
      "geometry": {
        "type": "Polygon",
        "coordinates": [
          [
            [
              -117.8174262173603,
              34.061848642297704
            ],
            [
              -117.81744141844355,
              34.061835787134356
            ],
            [
              -117.8174105264686,
              34.06181048446383
            ],
            [
              -117.81739532538502,
              34.0618233396234
            ],
            [
              -117.8174262173603,
              34.061848642297704
            ]
          ]
        ]
      },
      "properties": {
        "id": "far_pa_2_space_41",
        "parkingAreaId": "far_pa_2",
        "status": "available",
        "sumoX": 1576.84,
        "sumoY": 1264.28,
        "width": 2.0,
        "length": 4.0,
        "angle": 225.0
      }
    },
    {
      "type": "Feature",
      "geometry": {
        "type": "Polygon",
        "coordinates": [
          [
            [
              -117.81740956885402,
              34.06186399426124
            ],
            [
              -117.81742476994253,
              34.061851139099915
            ],
            [
              -117.81739387796675,
              34.06182583642526
            ],
            [
              -117.81737867687792,
              34.06183869158282
            ],
            [
              -117.81740956885402,
              34.06186399426124
            ]
          ]
        ]
      },
      "properties": {
        "id": "far_pa_2_space_42",
        "parkingAreaId": "far_pa_2",
        "status": "available",
        "sumoX": 1578.39,
        "sumoY": 1265.97,
        "width": 2.0,
        "length": 4.0,
        "angle": 225.0
      }
    }
  ]
}